BilledCost,BillingAccountId,BillingAccountName,BillingAccountType,BillingCurrency,BillingPeriodEnd,BillingPeriodStart,ChargeCategory,ChargeClass,ChargeDescription,ChargeFrequency,ChargePeriodEnd,ChargePeriodStart,CommitmentDiscountCategory,CommitmentDiscountId,CommitmentDiscountName,CommitmentDiscountStatus,CommitmentDiscountType,ConsumedQuantity,ConsumedUnit,ContractedCost,ContractedUnitPrice,EffectiveCost,InvoiceIssuerName,ListCost,ListUnitPrice,PricingCategory,PricingQuantity,PricingUnit,ProviderName,PublisherName,RegionId,RegionName,ResourceId,ResourceName,ResourceType,ServiceCategory,ServiceName,SkuId,SkuPriceId,SubAccountId,SubAccountName,SubAccountType,Tags,x_AccountId,x_AccountName,x_AccountOwnerId,x_BilledCostInUsd,x_BilledUnitPrice,x_BillingAccountId,x_BillingAccountName,x_BillingExchangeRate,x_BillingExchangeRateDate,x_BillingProfileId,x_BillingProfileName,x_ContractedCostInUsd,x_CostAllocationRuleName,x_CostCenter,x_CustomerId,x_CustomerName,x_EffectiveCostInUsd,x_EffectiveUnitPrice,x_InvoiceId,x_InvoiceIssuerId,x_InvoiceSectionId,x_InvoiceSectionName,x_ListCostInUsd,x_PartnerCreditApplied,x_PartnerCreditRate,x_PricingBlockSize,x_PricingCurrency,x_PricingSubcategory,x_PricingUnitDescription,x_PublisherCategory,x_PublisherId,x_ResellerId,x_ResellerName,x_ResourceGroupName,x_ResourceType,x_ServicePeriodEnd,x_ServicePeriodStart,x_SkuDescription,x_SkuDetails,x_SkuIsCreditEligible,x_SkuMeterCategory,x_SkuMeterId,x_SkuMeterName,x_SkuMeterSubcategory,x_SkuOfferId,x_SkuOrderId,x_SkuOrderName,x_SkuPartNumber,x_SkuRegion,x_SkuServiceFamily,x_SkuTerm,x_SkuTier
-0.000000216,/providers/Microsoft.Billing/billingAccounts/8611537,Trey Research Demo (DO NOT USE),Billing Account,USD,2024-07-01T00:00Z,2024-06-01T00:00Z,Usage,,Tables - Read Operations,Usage-Based,2024-06-13T00:00Z,2024-06-12T00:00Z,,,,,,-0.00060000,Units,-0.0000000000216,0.00036,-0.000000216,Microsoft,-0.000000216,0.00036,Standard,-0.00000006,Units,Microsoft,Microsoft,eastus,East US,/subscriptions/64e355d7-997c-491d-b0c1-8414dccfcf42/resourcegroups/ftk-integration-tests/providers/microsoft.storage/storageaccounts/7349d24c43a24dd8916cf1ef,7349d24c43a24dd8916cf1ef,Storage account,Storage,Storage Accounts,1012339,1012339,/subscriptions/64e355d7-997c-491d-b0c1-8414dccfcf42,Trey Research R&D Playground,Subscription,"{""CostCenter"": ""1234"",""CostAllocationTest"": ""Sameer"",""env"": ""prod"",""org"": ""trey"",""Project"": ""Foo""}",196312,ACM Team,acm@testea.onmicrosoft.com,,0.00036,8611537,Trey Research Demo (DO NOT USE),1,2024-06-01T00:00Z,8611537,Trey Research Demo (DO NOT USE),,SameerRuleWithTag,ACM9000,,,,0.00036,,,144867,ACM,,,,10000,USD,Standard,10K,Cloud Provider,Microsoft,,,ftk-integration-tests,Microsoft.Storage/storageAccounts,,,Tables - Read Operations,,True,Storage,12da282f-7e96-49e2-983a-9a65da2a4866,Read Operations,Tables,MS-AZR-0148P,,,N9H-00805,,,,
0.000000216,/providers/Microsoft.Billing/billingAccounts/8611537,Trey Research Demo (DO NOT USE),Billing Account,USD,2024-07-01T00:00Z,2024-06-01T00:00Z,Usage,,Tables - Read Operations,Usage-Based,2024-06-05T00:00Z,2024-06-04T00:00Z,,,,,,0.00060000,Units,0.0000000000216,0.00036,0.000000216,Microsoft,0.000000216,0.00036,Standard,0.00000006,Units,Microsoft,Microsoft,eastus,East US,/subscriptions/64e355d7-997c-491d-b0c1-8414dccfcf42/resourcegroups/ftk-integration-tests/providers/microsoft.storage/storageaccounts/fc7e7b299aee41298a052aee,fc7e7b299aee41298a052aee,Storage account,Storage,Storage Accounts,1012339,1012339,/subscriptions/64e355d7-997c-491d-b0c1-8414dccfcf42,Trey Research R&D Playground,Subscription,"{""CostCenter"": ""1234"",""CostAllocationTest"": ""Sameer"",""env"": ""prod"",""org"": ""trey"",""Project"": ""Foo""}",196312,ACM Team,acm@testea.onmicrosoft.com,,0.00036,8611537,Trey Research Demo (DO NOT USE),1,2024-06-01T00:00Z,8611537,Trey Research Demo (DO NOT USE),,,ACM9000,,,,0.00036,,,144867,ACM,,,,10000,USD,Standard,10K,Cloud Provider,Microsoft,,,ftk-integration-tests,Microsoft.Storage/storageAccounts,,,Tables - Read Operations,,True,Storage,12da282f-7e96-49e2-983a-9a65da2a4866,Read Operations,Tables,MS-AZR-0148P,,,N9H-00805,,,,
0.000002,/providers/Microsoft.Billing/billingAccounts/8611537,Trey Research Demo (DO NOT USE),Billing Account,USD,2024-07-01T00:00Z,2024-06-01T00:00Z,Usage,,Microsoft Defender for Storage - Standard Transactions,Usage-Based,2024-06-05T00:00Z,2024-06-04T00:00Z,,,,,,0.00010000,Units,0.0000000002,0.02,0.000002,Microsoft,0.000002,0.02,Standard,0.00000001,Units,Microsoft,Microsoft,eastus,East US,/subscriptions/64e355d7-997c-491d-b0c1-8414dccfcf42/resourcegroups/ftk-integration-tests/providers/microsoft.storage/storageaccounts/dd6ae93744ac4a8c81c3440e,dd6ae93744ac4a8c81c3440e,Storage account,Storage,Storage Accounts,611182811,611182811,/subscriptions/64e355d7-997c-491d-b0c1-8414dccfcf42,Trey Research R&D Playground,Subscription,"{""CostCenter"": ""1234"",""CostAllocationTest"": ""Sameer"",""env"": ""prod"",""org"": ""trey"",""Project"": ""Foo""}",196312,ACM Team,acm@testea.onmicrosoft.com,,0.02,8611537,Trey Research Demo (DO NOT USE),1,2024-06-01T00:00Z,8611537,Trey Research Demo (DO NOT USE),,,ACM9000,,,,0.02,,,144867,ACM,,,,10000,USD,Standard,10K,Cloud Provider,Microsoft,,,ftk-integration-tests,Microsoft.Storage/storageAccounts,,,Microsoft Defender for Storage - Standard Transactions,"{""Cloud"":""Azure"",""StorageService"":""Files""}",True,Microsoft Defender for Cloud,8a752c6d-6098-4f15-8828-3716ba46d524,Standard Transactions,Storage,MS-AZR-0148P,,,AAA-97331,,,,
0.0000024,/providers/Microsoft.Billing/billingAccounts/8611537,Trey Research Demo (DO NOT USE),Billing Account,USD,2024-07-01T00:00Z,2024-06-01T00:00Z,Usage,,Queues v2 - LRS - Class 1 Operations - US West,Usage-Based,2024-06-16T00:00Z,2024-06-15T00:00Z,,,,,,0.00060000,Units,0.00000000024,0.004,0.0000024,Microsoft,0.0000024,0.004,Standard,0.00000006,Units,Microsoft,Microsoft,westus,West US,/subscriptions/1caaa5a3-2b66-438e-8ab4-bce37d518c5d/resourcegroups/cloud-shell-storage-westus/providers/microsoft.storage/storageaccounts/cs4100320002e3581eb,cs4100320002e3581eb,Storage account,Storage,Storage Accounts,1048184,1048184,/subscriptions/1caaa5a3-2b66-438e-8ab4-bce37d518c5d,Cost Management Research,Subscription,"{""ms-resource-usage"": ""azure-cloud-shell"",""CostCenter"": ""SubACM""}",196312,ACM Team,acm@testea.onmicrosoft.com,,0.004,8611537,Trey Research Demo (DO NOT USE),1,2024-06-01T00:00Z,8611537,Trey Research Demo (DO NOT USE),,,acm9000,,,,0.004,,,144867,ACM,,,,10000,USD,Standard,10K,Cloud Provider,Microsoft,,,cloud-shell-storage-westus,Microsoft.Storage/storageAccounts,,,Queues v2 - LRS - Class 1 Operations - US West,,True,Storage,e649368c-94c7-4a20-b36c-f9400f078fd1,LRS Class 1 Operations,Queues v2,MS-AZR-0017P,,,AAA-71339,US West,,,
0.000038,/providers/Microsoft.Billing/billingAccounts/8611537,Trey Research Demo (DO NOT USE),Billing Account,USD,2024-07-01T00:00Z,2024-06-01T00:00Z,Usage,,Microsoft Defender for Storage - Standard Transactions,Usage-Based,2024-06-16T00:00Z,2024-06-15T00:00Z,,,,,,0.00190000,Units,0.0000000038,0.02,0.000038,Microsoft,0.000038,0.02,Standard,0.00000019,Units,Microsoft,Microsoft,ukwest,UK West,/subscriptions/64e355d7-997c-491d-b0c1-8414dccfcf42/resourcegroups/adamhourlyexporttest/providers/microsoft.storage/storageaccounts/adamhourlyexporttest964,adamhourlyexporttest964,Storage account,Storage,Storage Accounts,611182811,611182811,/subscriptions/64e355d7-997c-491d-b0c1-8414dccfcf42,Trey Research R&D Playground,Subscription,"{""org"": ""trey"",""CostCenter"": ""1234"","" org"": ""trey"",""env"": ""prod"",""CostAllocationTest"": ""Sameer""}",196312,ACM Team,acm@testea.onmicrosoft.com,,0.02,8611537,Trey Research Demo (DO NOT USE),1,2024-06-01T00:00Z,8611537,Trey Research Demo (DO NOT USE),,SameerRuleWithTag,ACM9000,,,,0.02,,,144867,ACM,,,,10000,USD,Standard,10K,Cloud Provider,Microsoft,,,AdamHourlyExportTest,Microsoft.Storage/storageAccounts,,,Microsoft Defender for Storage - Standard Transactions,"{""Cloud"":""Azure"",""StorageService"":""Blob""}",True,Microsoft Defender for Cloud,8a752c6d-6098-4f15-8828-3716ba46d524,Standard Transactions,Storage,MS-AZR-0148P,,,AAA-97331,,,,
0,/providers/Microsoft.Billing/billingAccounts/8611537,Trey Research Demo (DO NOT USE),Billing Account,USD,2024-07-01T00:00Z,2024-06-01T00:00Z,Usage,,Azure Data Lake Storage Gen2 Hierarchical Namespace - Delete Operations,Usage-Based,2024-06-16T00:00Z,2024-06-15T00:00Z,,,,,,0.00020000,Units,0.00000000,0,0,Microsoft,0.0000,0,Standard,0.00000002,Units,Microsoft,Microsoft,ukwest,UK West,/subscriptions/64e355d7-997c-491d-b0c1-8414dccfcf42/resourcegroups/adamhourlyexporttest/providers/microsoft.storage/storageaccounts/adamhourlyexporttestdiag,adamhourlyexporttestdiag,Storage account,Storage,Storage Accounts,611187921,611187921,/subscriptions/64e355d7-997c-491d-b0c1-8414dccfcf42,Trey Research R&D Playground,Subscription,"{""org"": ""trey"",""Project"": ""Foo"",""CostCenter"": ""1234"","" org"": ""trey"",""env"": ""prod"",""CostAllocationTest"": ""Sameer""}",196312,ACM Team,acm@testea.onmicrosoft.com,,0,8611537,Trey Research Demo (DO NOT USE),1,2024-06-01T00:00Z,8611537,Trey Research Demo (DO NOT USE),,SameerRuleWithTag,ACM9000,,,,0,,,144867,ACM,,,,10000,USD,Standard,10K,Cloud Provider,Microsoft,,,AdamHourlyExportTest,Microsoft.Storage/storageAccounts,,,Azure Data Lake Storage Gen2 Hierarchical Namespace - Delete Operations,,True,Storage,322c85bb-d7b0-410f-84f8-05a53bc699ae,Delete Operations,Azure Data Lake Storage Gen2 Hierarchical Namespace,MS-AZR-0148P,,,AAD-37581,,,,
0.0000532224,/providers/Microsoft.Billing/billingAccounts/8611537,Trey Research Demo (DO NOT USE),Billing Account,USD,2024-07-01T00:00Z,2024-06-01T00:00Z,Usage,,General Block Blob - LRS Data Stored,Usage-Based,2024-06-16T00:00Z,2024-06-15T00:00Z,,,,,,0.002376,GB/Month,0.0000532224,0.0224,0.0000532224,Microsoft,0.0000532224,0.0224,Standard,0.002376,GB/Month,Microsoft,Microsoft,southeastasia,Southeast Asia,/subscriptions/64e355d7-997c-491d-b0c1-8414dccfcf42/resourcegroups/synthlab/providers/microsoft.storage/storageaccounts/synthlabdiag578,synthlabdiag578,Storage account,Storage,Storage Accounts,1011163,1011163,/subscriptions/64e355d7-997c-491d-b0c1-8414dccfcf42,Trey Research R&D Playground,Subscription,"{""org"": ""trey"","" org"": ""trey"",""env"": ""Dev"",""CostAllocationTest"": ""Sameer""}",196312,ACM Team,acm@testea.onmicrosoft.com,,0.0224,8611537,Trey Research Demo (DO NOT USE),1,2024-06-01T00:00Z,8611537,Trey Research Demo (DO NOT USE),,SameerRuleWithTag,ACM9000,,,,0.0224,,,144867,ACM,,,,1,USD,Standard,1 GB/Month,Cloud Provider,Microsoft,,,SynthLab,Microsoft.Storage/storageAccounts,,,General Block Blob - LRS Data Stored,,True,Storage,c1635534-1c1d-4fc4-b090-88fc2672ef87,LRS Data Stored,General Block Blob,MS-AZR-0148P,,,N9H-00074,,,,
0.000000216,/providers/Microsoft.Billing/billingAccounts/8611537,Trey Research Demo (DO NOT USE),Billing Account,USD,2024-07-01T00:00Z,2024-06-01T00:00Z,Usage,,Queues - LRS - Class 1 Operations,Usage-Based,2024-06-07T00:00Z,2024-06-06T00:00Z,,,,,,0.00060000,Units,0.0000000000216,0.00036,0.000000216,Microsoft,0.000000216,0.00036,Standard,0.00000006,Units,Microsoft,Microsoft,koreacentral,Korea Central,/subscriptions/ed570627-0265-4620-bb42-bae06bcfa914/resourcegroups/microlab/providers/microsoft.storage/storageaccounts/microlabdiag629,microlabdiag629,Storage account,Storage,Storage Accounts,1047980,1047980,/subscriptions/ed570627-0265-4620-bb42-bae06bcfa914,Trey Research IT,Subscription,"{""env"": ""prod"",""org"": ""trey""}",196312,ACM Team,acm@testea.onmicrosoft.com,,0.00036,8611537,Trey Research Demo (DO NOT USE),1,2024-06-01T00:00Z,8611537,Trey Research Demo (DO NOT USE),,,ACM9000,,,,0.00036,,,144867,ACM,,,,10000,USD,Standard,10K,Cloud Provider,Microsoft,,,MicroLab,Microsoft.Storage/storageAccounts,,,Queues - LRS - Class 1 Operations,,True,Storage,b90587a9-b1d5-4bd7-9d0b-e5d4a255a384,LRS Class 1 Operations,Queues,MS-AZR-0017P,,,AAA-70078,,,,
0.000004,/providers/Microsoft.Billing/billingAccounts/8611537,Trey Research Demo (DO NOT USE),Billing Account,USD,2024-07-01T00:00Z,2024-06-01T00:00Z,Usage,,Tiered Block Blob - All Other Operations - US East,Usage-Based,2024-06-07T00:00Z,2024-06-06T00:00Z,,,,,,0.0010000,Units,0.0000000004,0.004,0.000004,Microsoft,0.000004,0.004,Standard,0.0000001,Units,Microsoft,Microsoft,eastus,East US,/subscriptions/64e355d7-997c-491d-b0c1-8414dccfcf42/resourcegroups/ftk-integration-tests/providers/microsoft.storage/storageaccounts/8bf413edd3104ec390098815,8bf413edd3104ec390098815,Storage account,Storage,Storage Accounts,1047247,1047247,/subscriptions/64e355d7-997c-491d-b0c1-8414dccfcf42,Trey Research R&D Playground,Subscription,"{""org"": ""trey"",""Project"": ""Foo"",""CostCenter"": ""1234"","" org"": ""trey"",""env"": ""prod"",""CostAllocationTest"": ""Sameer""}",196312,ACM Team,acm@testea.onmicrosoft.com,,0.004,8611537,Trey Research Demo (DO NOT USE),1,2024-06-01T00:00Z,8611537,Trey Research Demo (DO NOT USE),,SameerRuleWithTag,ACM9000,,,,0.004,,,144867,ACM,,,,10000,USD,Standard,10K,Cloud Provider,Microsoft,,,ftk-integration-tests,Microsoft.Storage/storageAccounts,,,Tiered Block Blob - All Other Operations - US East,,True,Storage,0b248445-aa24-4fe8-a794-a174929327bd,All Other Operations,Tiered Block Blob,MS-AZR-0148P,,,AAA-70098,US East,,,
0.005,/providers/Microsoft.Billing/billingAccounts/8611537,Trey Research Demo (DO NOT USE),Billing Account,USD,2024-07-01T00:00Z,2024-06-01T00:00Z,Usage,,IP Addresses - Standard IPv4 Static Public IP - Dev/Test,Usage-Based,2024-06-07T00:00Z,2024-06-06T00:00Z,,,,,,1,Hours,0.005,0.005,0.005,Microsoft,0.005,0.005,Standard,1,Hours,Microsoft,Microsoft,eastus2,East US 2,/subscriptions/64e355d7-997c-491d-b0c1-8414dccfcf42/resourcegroups/devtestlab/providers/microsoft.machinelearningservices/workspaces/zmltestplayground,zmltestplayground,Azure Machine Learning workspace,AI and Machine Learning,Azure Machine Learning,616208794,616208794,/subscriptions/64e355d7-997c-491d-b0c1-8414dccfcf42,Trey Research R&D Playground,Subscription,"{""ComputeType"": ""Compute Instance"","" org"": ""trey"",""CostAllocationTest"": ""Sameer""}",196312,ACM Team,acm@testea.onmicrosoft.com,,0.005,8611537,Trey Research Demo (DO NOT USE),1,2024-06-01T00:00Z,8611537,Trey Research Demo (DO NOT USE),,SameerRuleWithTag,ACM9000,,,,0.005,,,144867,ACM,,,,1,USD,Standard,1 Hour,Cloud Provider,Microsoft,,,devtestlab,Microsoft.MachineLearningServices/workspaces,,,IP Addresses - Standard IPv4 Static Public IP - Dev/Test,"{""AccountName"":""bai52238044515004711258a"",""PoolName"":""sentinel_0c4216ff-a799-4681-96e4-1a64ad037202"",""ConfigType"":""VirtualMachine"",""NodeType"":""Dedicated"",""PoolAllocationMode"":""BatchService"",""UsageType"":""publicipaddresses"",""ClusterType"":""DSI"",""AmlWorkspaceId"":""32ef54ad-3016-47b1-bc5c-d1f26560cc18"",""AMLResourceType"":""Provisioner.Batch"",""SourceEventId"":""cec7e38d-0247-7f9d-9797-1345967fb5e3"",""SourceResourceProvider"":""Batch"",""HostSubscriptionId"":""2b56c433-734a-4e64-8dce-4d9f93075804"",""EmittingService"":""Machine Learning Service - Non DSVM"",""Processor_Version"":""BillingProcessorV2""}",True,Virtual Network,9c150bf9-2bad-430e-a53c-c213804f49ef,Standard IPv4 Static Public IP,IP Addresses,MS-AZR-0148P,,,AAD-84351,,,,
-0.025,/providers/Microsoft.Billing/billingAccounts/8611537,Trey Research Demo (DO NOT USE),Billing Account,USD,2024-07-01T00:00Z,2024-06-01T00:00Z,Usage,,Load Balancer - Standard Included LB Rules and Outbound Rules,Usage-Based,2024-06-15T00:00Z,2024-06-14T00:00Z,,,,,,-1,Hours,-0.025,0.025,-0.025,Microsoft,-0.025,0.025,Standard,-1,Hours,Microsoft,Microsoft,eastus2,East US 2,/subscriptions/64e355d7-997c-491d-b0c1-8414dccfcf42/resourcegroups/devtestlab/providers/microsoft.machinelearningservices/workspaces/zmltestplayground,zmltestplayground,Azure Machine Learning workspace,AI and Machine Learning,Azure Machine Learning,1071942,1071942,/subscriptions/64e355d7-997c-491d-b0c1-8414dccfcf42,Trey Research R&D Playground,Subscription,"{""CostAllocationTest"": ""Sameer"",""ComputeType"": ""Compute Instance""}",196312,ACM Team,acm@testea.onmicrosoft.com,,0.025,8611537,Trey Research Demo (DO NOT USE),1,2024-06-01T00:00Z,8611537,Trey Research Demo (DO NOT USE),,SameerRuleWithTag,ACM9000,,,,0.025,,,144867,ACM,,,,1,USD,Standard,1 Hour,Cloud Provider,Microsoft,,,devtestlab,Microsoft.MachineLearningServices/workspaces,,,Load Balancer - Standard Included LB Rules and Outbound Rules,"{""AccountName"":""bai52238044515004711258a"",""PoolName"":""azurepc_84f29f84-4ac2-4286-9879-731da9be5607"",""ConfigType"":""VirtualMachine"",""NodeType"":""Dedicated"",""PoolAllocationMode"":""BatchService"",""UsageType"":""loadbalancers"",""ClusterType"":""DSI"",""AmlWorkspaceId"":""32ef54ad-3016-47b1-bc5c-d1f26560cc18"",""AMLResourceType"":""Provisioner.Batch"",""SourceEventId"":""b9f91152-6324-27ee-be1d-809dca42a59b"",""SourceResourceProvider"":""Batch"",""HostSubscriptionId"":""2b56c433-734a-4e64-8dce-4d9f93075804"",""EmittingService"":""Machine Learning Service - Non DSVM"",""Processor_Version"":""BillingProcessorV2""}",True,Load Balancer,27827eb0-7f60-4928-940b-f5fe15e7a4cb,Standard Included LB Rules and Outbound Rules,Standard,MS-AZR-0148P,,,AAA-21856,,,,
0.000005256,/providers/Microsoft.Billing/billingAccounts/8611537,Trey Research Demo (DO NOT USE),Billing Account,USD,2024-07-01T00:00Z,2024-06-01T00:00Z,Usage,,Tables - Batch Write Operations,Usage-Based,2024-06-15T00:00Z,2024-06-14T00:00Z,,,,,,0.01460000,Units,0.0000000005256,0.00036,0.000005256,Microsoft,0.000005256,0.00036,Standard,0.00000146,Units,Microsoft,Microsoft,eastus,East US,/subscriptions/64e355d7-997c-491d-b0c1-8414dccfcf42/resourcegroups/ftk-integration-tests/providers/microsoft.storage/storageaccounts/7349d24c43a24dd8916cf1ef,7349d24c43a24dd8916cf1ef,Storage account,Storage,Storage Accounts,1007784,1007784,/subscriptions/64e355d7-997c-491d-b0c1-8414dccfcf42,Trey Research R&D Playground,Subscription,"{""CostCenter"": ""1234"",""CostAllocationTest"": ""Sameer"",""env"": ""prod"",""org"": ""trey"",""Project"": ""Foo""}",196312,ACM Team,acm@testea.onmicrosoft.com,,0.00036,8611537,Trey Research Demo (DO NOT USE),1,2024-06-01T00:00Z,8611537,Trey Research Demo (DO NOT USE),,,ACM9000,,,,0.00036,,,144867,ACM,,,,10000,USD,Standard,10K,Cloud Provider,Microsoft,,,ftk-integration-tests,Microsoft.Storage/storageAccounts,,,Tables - Batch Write Operations,,True,Storage,b9e5e77c-a0b3-4a2c-9b8b-57fa54f31c52,Batch Write Operations,Tables,MS-AZR-0148P,,,N9H-00758,,,,
0.0000275,/providers/Microsoft.Billing/billingAccounts/8611537,Trey Research Demo (DO NOT USE),Billing Account,USD,2024-07-01T00:00Z,2024-06-01T00:00Z,Usage,,Tiered Block Blob - LRS - List and Create Container Operations - US West,Usage-Based,2024-06-02T00:00Z,2024-06-01T00:00Z,,,,,,0.00050000,Units,0.00000000275,0.055,0.0000275,Microsoft,0.0000275,0.055,Standard,0.00000005,Units,Microsoft,Microsoft,westus,West US,/subscriptions/64e355d7-997c-491d-b0c1-8414dccfcf42/resourcegroups/clancytest/providers/microsoft.storage/storageaccounts/clistorageterm,clistorageterm,Storage account,Storage,Storage Accounts,1099980,1099980,/subscriptions/64e355d7-997c-491d-b0c1-8414dccfcf42,Trey Research R&D Playground,Subscription,"{""ms-resource-usage"": ""azure-cloud-shell"",""org"": ""trey"","" org"": ""trey"",""ClancyTag"": ""ClancyTestRG"",""env"": ""prod"",""CostAllocationTest"": ""Sameer""}",196312,ACM Team,acm@testea.onmicrosoft.com,,0.055,8611537,Trey Research Demo (DO NOT USE),1,2024-06-01T00:00Z,8611537,Trey Research Demo (DO NOT USE),,SameerRuleWithTag,ACM9000,,,,0.055,,,144867,ACM,,,,10000,USD,Standard,10K,Cloud Provider,Microsoft,,,ClancyTest,Microsoft.Storage/storageAccounts,,,Tiered Block Blob - LRS - List and Create Container Operations - US West,,True,Storage,ce912ed9-61fb-4d64-ad8d-13018897497f,LRS List and Create Container Operations,Tiered Block Blob,MS-AZR-0148P,,,AAD-37045,US West,,,
-0.00000648,/providers/Microsoft.Billing/billingAccounts/8611537,Trey Research Demo (DO NOT USE),Billing Account,USD,2024-07-01T00:00Z,2024-06-01T00:00Z,Usage,,Tables - LRS Data Stored,Usage-Based,2024-06-02T00:00Z,2024-06-01T00:00Z,,,,,,-0.000144,GB/Month,-0.000006480,0.045,-0.00000648,Microsoft,-0.000006480,0.045,Standard,-0.000144,GB/Month,Microsoft,Microsoft,eastus,East US,/subscriptions/64e355d7-997c-491d-b0c1-8414dccfcf42/resourcegroups/ftk-integration-tests/providers/microsoft.storage/storageaccounts/eeacb023a55c49218279f154,eeacb023a55c49218279f154,Storage account,Storage,Storage Accounts,1017069,1017069,/subscriptions/64e355d7-997c-491d-b0c1-8414dccfcf42,Trey Research R&D Playground,Subscription,"{""CostCenter"": ""1234"",""CostAllocationTest"": ""Sameer"",""env"": ""prod"",""org"": ""trey"",""Project"": ""Foo""}",196312,ACM Team,acm@testea.onmicrosoft.com,,0.045,8611537,Trey Research Demo (DO NOT USE),1,2024-06-01T00:00Z,8611537,Trey Research Demo (DO NOT USE),,SameerRuleWithTag,ACM9000,,,,0.045,,,144867,ACM,,,,1,USD,Standard,1 GB/Month,Cloud Provider,Microsoft,,,ftk-integration-tests,Microsoft.Storage/storageAccounts,,,Tables - LRS Data Stored,,True,Storage,3f2b1e1c-c886-4ec6-ad6f-dd0ef38819c9,LRS Data Stored,Tables,MS-AZR-0148P,,,N9H-00637,,,,
0.000000628083944,/providers/Microsoft.Billing/billingAccounts/8611537,Trey Research Demo (DO NOT USE),Billing Account,USD,2024-07-01T00:00Z,2024-06-01T00:00Z,Usage,,Bandwidth Inter-Region - Intra Continent Data Transfer Out - North America,Usage-Based,2024-06-02T00:00Z,2024-06-01T00:00Z,,,,,,0.000031404197216,GB,0.00000062808394432,0.02,0.000000628083944,Microsoft,0.00000062808394432,0.02,Standard,0.000031404197216,GB,Microsoft,Microsoft,eastus,East US,/subscriptions/9ec51cfd-5ca7-4d76-8101-dd0a4abc5674/resourcegroups/mc_fl_petsupply-rg_petsupply-fleet_eastus/providers/microsoft.compute/virtualmachinescalesets/aks-agentpool-26317796-vmss,aks-agentpool-26317796-vmss,Virtual machine scale set,Compute,Virtual Machine Scale Sets,616169332,616169332,/subscriptions/9ec51cfd-5ca7-4d76-8101-dd0a4abc5674,Trey Research Corporate,Subscription,"{""aks-managed-cluster-name"": ""hub"",""aks-managed-cluster-rg"": ""FL_petsupply-rg_petsupply-fleet_eastus"",""CostCenter"": ""1234"",""Project"": ""Foo"",""env"": ""prod"",""org"": ""trey"",""fleet-skip-deny-assignments"": ""true"",""Cost department"": ""Marketing"",""aks-managed-consolidated-additional-properties"": ""f8bb47f8-1251-11ef-95ec-7a2043f85aea"",""aks-managed-createOperationID"": """",""aks-managed-creationSource"": ""vmssclient-aks-agentpool-26317796-vmss"",""aks-managed-kubeletIdentityClientID"": ""7aa6834f-b9c4-452a-8344-0e45a1c9ea06"",""aks-managed-operationID"": ""b16b5aff-2d5d-407d-8abc-090221f5040a"",""aks-managed-orchestrator"": ""Kubernetes:1.28.9"",""aks-managed-poolName"": ""agentpool"",""aks-managed-resourceNameSuffix"": ""42919255"",""aks-managed-ssh-access"": ""LocalUser""}",196312,ACM Team,acm@testea.onmicrosoft.com,,0.02,8611537,Trey Research Demo (DO NOT USE),1,2024-06-01T00:00Z,8611537,Trey Research Demo (DO NOT USE),,,ACM9000,,,,0.02,,,144867,ACM,,,,1,USD,Standard,1 GB,Cloud Provider,Microsoft,,,mc_fl_petsupply-rg_petsupply-fleet_eastus,microsoft.compute/virtualmachinescalesets,,,Bandwidth Inter-Region - Intra Continent Data Transfer Out - North America,"{""PipelineType"":""v2"",""DataTransferDirection"":""DataTrOut"",""VmName"":""aks-agentpool-26317796-vmss_0"",""ContainerId"":""b0886a9d-dd7b-4cb4-ac1f-56322f591c0b"",""NodeId"":""ffe625d5-6e60-7d43-4d3b-a473f38ab034""}",True,Bandwidth,dbefcfc1-e3f6-409b-be6d-9cd7b00724a5,Intra Continent Data Transfer Out,Inter-Region,MS-AZR-0017P,,,AAD-84507,North America,,,
0.00001,/providers/Microsoft.Billing/billingAccounts/8611537,Trey Research Demo (DO NOT USE),Billing Account,USD,2024-07-01T00:00Z,2024-06-01T00:00Z,Usage,,Tiered Block Blob - Hot GRS - Write Operations - US North Central,Usage-Based,2024-06-02T00:00Z,2024-06-01T00:00Z,,,,,,0.00010000,Units,0.000000001,0.1,0.00001,Microsoft,0.00001,0.1,Standard,0.00000001,Units,Microsoft,Microsoft,northcentralus,North Central US,/subscriptions/64e355d7-997c-491d-b0c1-8414dccfcf42/resourcegroups/devops/providers/microsoft.storage/storageaccounts/eaexportssa1,eaexportssa1,Storage account,Storage,Storage Accounts,1008586,1008586,/subscriptions/64e355d7-997c-491d-b0c1-8414dccfcf42,Trey Research R&D Playground,Subscription,"{""org"": ""trey"","" org"": ""trey"",""env"": ""prod"",""CostAllocationTest"": ""Sameer""}",196312,ACM Team,acm@testea.onmicrosoft.com,,0.1,8611537,Trey Research Demo (DO NOT USE),1,2024-06-01T00:00Z,8611537,Trey Research Demo (DO NOT USE),,SameerRuleWithTag,ACM9000,,,,0.1,,,144867,ACM,,,,10000,USD,Standard,10K,Cloud Provider,Microsoft,,,DevOps,Microsoft.Storage/storageAccounts,,,Tiered Block Blob - Hot GRS - Write Operations - US North Central,,True,Storage,96c50999-57d3-47e2-b28b-63d758f84d22,Hot GRS Write Operations,Tiered Block Blob,MS-AZR-0148P,,,N9H-01178,US North Central,,,
-0.000024,/providers/Microsoft.Billing/billingAccounts/8611537,Trey Research Demo (DO NOT USE),Billing Account,USD,2024-07-01T00:00Z,2024-06-01T00:00Z,Usage,,Microsoft Defender for Storage - Standard Transactions,Usage-Based,2024-06-02T00:00Z,2024-06-01T00:00Z,,,,,,-0.00120000,Units,-0.0000000024,0.02,-0.000024,Microsoft,-0.000024,0.02,Standard,-0.00000012,Units,Microsoft,Microsoft,eastus,East US,/subscriptions/64e355d7-997c-491d-b0c1-8414dccfcf42/resourcegroups/ftk-integration-tests/providers/microsoft.storage/storageaccounts/e2b22e20eab748199b306bf8,e2b22e20eab748199b306bf8,Storage account,Storage,Storage Accounts,611182811,611182811,/subscriptions/64e355d7-997c-491d-b0c1-8414dccfcf42,Trey Research R&D Playground,Subscription,"{""CostCenter"": ""1234"",""CostAllocationTest"": ""Sameer"",""env"": ""prod"",""org"": ""trey"",""Project"": ""Foo""}",196312,ACM Team,acm@testea.onmicrosoft.com,,0.02,8611537,Trey Research Demo (DO NOT USE),1,2024-06-01T00:00Z,8611537,Trey Research Demo (DO NOT USE),,SameerRuleWithTag,ACM9000,,,,0.02,,,144867,ACM,,,,10000,USD,Standard,10K,Cloud Provider,Microsoft,,,ftk-integration-tests,Microsoft.Storage/storageAccounts,,,Microsoft Defender for Storage - Standard Transactions,"{""Cloud"":""Azure"",""StorageService"":""Blob""}",True,Microsoft Defender for Cloud,8a752c6d-6098-4f15-8828-3716ba46d524,Standard Transactions,Storage,MS-AZR-0148P,,,AAA-97331,,,,
0.00002,/providers/Microsoft.Billing/billingAccounts/8611537,Trey Research Demo (DO NOT USE),Billing Account,USD,2024-07-01T00:00Z,2024-06-01T00:00Z,Usage,,Microsoft Defender for Storage - Standard Transactions,Usage-Based,2024-06-10T00:00Z,2024-06-09T00:00Z,,,,,,0.0010000,Units,0.000000002,0.02,0.00002,Microsoft,0.00002,0.02,Standard,0.0000001,Units,Microsoft,Microsoft,eastus,East US,/subscriptions/64e355d7-997c-491d-b0c1-8414dccfcf42/resourcegroups/ftk-integration-tests/providers/microsoft.storage/storageaccounts/a7ee01cf0c3b4dd49c1f9d7b,a7ee01cf0c3b4dd49c1f9d7b,Storage account,Storage,Storage Accounts,611182811,611182811,/subscriptions/64e355d7-997c-491d-b0c1-8414dccfcf42,Trey Research R&D Playground,Subscription,"{""CostCenter"": ""1234"",""CostAllocationTest"": ""Sameer"",""env"": ""prod"",""org"": ""trey"",""Project"": ""Foo""}",196312,ACM Team,acm@testea.onmicrosoft.com,,0.02,8611537,Trey Research Demo (DO NOT USE),1,2024-06-01T00:00Z,8611537,Trey Research Demo (DO NOT USE),,,ACM9000,,,,0.02,,,144867,ACM,,,,10000,USD,Standard,10K,Cloud Provider,Microsoft,,,ftk-integration-tests,Microsoft.Storage/storageAccounts,,,Microsoft Defender for Storage - Standard Transactions,"{""Cloud"":""Azure"",""StorageService"":""Blob""}",True,Microsoft Defender for Cloud,8a752c6d-6098-4f15-8828-3716ba46d524,Standard Transactions,Storage,MS-AZR-0148P,,,AAA-97331,,,,
0.12,/providers/Microsoft.Billing/billingAccounts/8611537,Trey Research Demo (DO NOT USE),Billing Account,USD,2024-07-01T00:00Z,2024-06-01T00:00Z,Usage,,IP Addresses - Standard IPv4 Static Public IP,Usage-Based,2024-06-10T00:00Z,2024-06-09T00:00Z,,,,,,24,Hours,0.120,0.005,0.12,Microsoft,0.120,0.005,Standard,24,Hours,Microsoft,Microsoft,eastus,East US,/subscriptions/9ec51cfd-5ca7-4d76-8101-dd0a4abc5674/resourcegroups/mc_aksccmextensibilitypoc_test-cluster-1_eastus/providers/microsoft.network/publicipaddresses/kubernetes-a7a8b7206c31642f6878a1f81646d0f6,kubernetes-a7a8b7206c31642f6878a1f81646d0f6,Public IP address,Networking,Virtual Network,1071790,1071790,/subscriptions/ed570627-0265-4620-bb42-bae06bcfa914,Trey Research IT,Subscription,"{""aks-managed-cluster-name"": ""test-cluster-1"",""aks-managed-cluster-rg"": ""aksccmextensibilitypoc"",""CostCenter"": ""1234"",""env"": ""prod"",""org"": ""trey"",""Cost department"": ""Marketing"",""kubernetes-cluster-name"": ""kubernetes"",""service"": ""green/service-3""}",196312,ACM Team,acm@testea.onmicrosoft.com,,0.005,8611537,Trey Research Demo (DO NOT USE),1,2024-06-01T00:00Z,8611537,Trey Research Demo (DO NOT USE),,PartnerCommunityDemo,ACM9000,,,,0.005,,,144867,ACM,,,,1,USD,Standard,1 Hour,Cloud Provider,Microsoft,,,mc_aksccmextensibilitypoc_test-cluster-1_eastus,microsoft.network/publicipaddresses,,,IP Addresses - Standard IPv4 Static Public IP,"{""PlatformType"":""V2-Agg""}",True,Virtual Network,9c150bf9-2bad-430e-a53c-c213804f49ef,Standard IPv4 Static Public IP,IP Addresses,MS-AZR-0017P,,,AAA-21860,,,,
0.000002,/providers/Microsoft.Billing/billingAccounts/8611537,Trey Research Demo (DO NOT USE),Billing Account,USD,2024-07-01T00:00Z,2024-06-01T00:00Z,Usage,,Microsoft Defender for Storage - Standard Transactions,Usage-Based,2024-06-10T00:00Z,2024-06-09T00:00Z,,,,,,0.00010000,Units,0.0000000002,0.02,0.000002,Microsoft,0.000002,0.02,Standard,0.00000001,Units,Microsoft,Microsoft,eastus,East US,/subscriptions/64e355d7-997c-491d-b0c1-8414dccfcf42/resourcegroups/ftk-integration-tests/providers/microsoft.storage/storageaccounts/bf664c235b134d2bb1e1e800,bf664c235b134d2bb1e1e800,Storage account,Storage,Storage Accounts,611182811,611182811,/subscriptions/64e355d7-997c-491d-b0c1-8414dccfcf42,Trey Research R&D Playground,Subscription,"{""CostCenter"": ""1234"","" org"": ""trey"",""CostAllocationTest"": ""Sameer""}",196312,ACM Team,acm@testea.onmicrosoft.com,,0.02,8611537,Trey Research Demo (DO NOT USE),1,2024-06-01T00:00Z,8611537,Trey Research Demo (DO NOT USE),,SameerRuleWithTag,ACM9000,,,,0.02,,,144867,ACM,,,,10000,USD,Standard,10K,Cloud Provider,Microsoft,,,ftk-integration-tests,Microsoft.Storage/storageAccounts,,,Microsoft Defender for Storage - Standard Transactions,"{""Cloud"":""Azure"",""StorageService"":""Blob""}",True,Microsoft Defender for Cloud,8a752c6d-6098-4f15-8828-3716ba46d524,Standard Transactions,Storage,MS-AZR-0148P,,,AAA-97331,,,,
0,/providers/Microsoft.Billing/billingAccounts/8611537,Trey Research Demo (DO NOT USE),Billing Account,USD,2024-07-01T00:00Z,2024-06-01T00:00Z,Usage,,Microsoft Defender for Storage - Free Transactions,Usage-Based,2024-06-12T00:00Z,2024-06-11T00:00Z,,,,,,0.000006000000,Units,0.000000000000,0,0,Microsoft,0.000000,0,Standard,0.000000000006,Units,Microsoft,Microsoft,eastus,East US,/subscriptions/9ec51cfd-5ca7-4d76-8101-dd0a4abc5674/resourcegroups/aksexportsrg/providers/microsoft.storage/storageaccounts/aksexportssa,aksexportssa,Storage account,Storage,Storage Accounts,616488981,616488981,/subscriptions/ed570627-0265-4620-bb42-bae06bcfa914,Trey Research IT,Subscription,"{""CostCenter"": ""1234"",""Cost department"": ""Marketing"",""env"": ""prod"",""org"": ""trey"",""Project"": ""Foo""}",196312,ACM Team,acm@testea.onmicrosoft.com,,0,8611537,Trey Research Demo (DO NOT USE),1,2024-06-01T00:00Z,8611537,Trey Research Demo (DO NOT USE),,PartnerCommunityDemo,ACM9000,,,,0,,,144867,ACM,,,,1000000,USD,Standard,1M,Cloud Provider,Microsoft,,,aksexportsrg,Microsoft.Storage/storageAccounts,,,Microsoft Defender for Storage - Free Transactions,"{""Cloud"":""Azure"",""StorageService"":""Files""}",True,Microsoft Defender for Cloud,4a6eb839-b839-566a-a150-e360e751228d,Free Transactions,Storage,MS-AZR-0017P,,,AAN-32388,,,,
0.00000756,/providers/Microsoft.Billing/billingAccounts/8611537,Trey Research Demo (DO NOT USE),Billing Account,USD,2024-07-01T00:00Z,2024-06-01T00:00Z,Usage,,Tables - LRS Data Stored,Usage-Based,2024-06-12T00:00Z,2024-06-11T00:00Z,,,,,,0.000168,GB/Month,0.000007560,0.045,0.00000756,Microsoft,0.000007560,0.045,Standard,0.000168,GB/Month,Microsoft,Microsoft,eastus,East US,/subscriptions/64e355d7-997c-491d-b0c1-8414dccfcf42/resourcegroups/ftk-integration-tests/providers/microsoft.storage/storageaccounts/fc7e7b299aee41298a052aee,fc7e7b299aee41298a052aee,Storage account,Storage,Storage Accounts,1017069,1017069,/subscriptions/64e355d7-997c-491d-b0c1-8414dccfcf42,Trey Research R&D Playground,Subscription,"{""CostCenter"": ""1234"",""CostAllocationTest"": ""Sameer"",""env"": ""prod"",""org"": ""trey"",""Project"": ""Foo""}",196312,ACM Team,acm@testea.onmicrosoft.com,,0.045,8611537,Trey Research Demo (DO NOT USE),1,2024-06-01T00:00Z,8611537,Trey Research Demo (DO NOT USE),,,ACM9000,,,,0.045,,,144867,ACM,,,,1,USD,Standard,1 GB/Month,Cloud Provider,Microsoft,,,ftk-integration-tests,Microsoft.Storage/storageAccounts,,,Tables - LRS Data Stored,,True,Storage,3f2b1e1c-c886-4ec6-ad6f-dd0ef38819c9,LRS Data Stored,Tables,MS-AZR-0148P,,,N9H-00637,,,,
0.000114,/providers/Microsoft.Billing/billingAccounts/8611537,Trey Research Demo (DO NOT USE),Billing Account,USD,2024-07-01T00:00Z,2024-06-01T00:00Z,Usage,,Microsoft Defender for Key Vault - Standard Transactions,Usage-Based,2024-06-08T00:00Z,2024-06-07T00:00Z,,,,,,0.00570000,Units,0.0000000114,0.02,0.000114,Microsoft,0.000114,0.02,Standard,0.00000057,Units,Microsoft,Microsoft,global,Global,/subscriptions/64e355d7-997c-491d-b0c1-8414dccfcf42/resourcegroups/ftk-micflan-desktop-gcc4urd/providers/microsoft.keyvault/vaults/ftk-micfla-vqq6vyb6snj5o,FTK-MICFLA-VQQ6VYB6SNJ5O,Key vault,Security,Key Vault,616157833,616157833,/subscriptions/64e355d7-997c-491d-b0c1-8414dccfcf42,Trey Research R&D Playground,Subscription,"{""CostCenter"": ""1234"",""CostAllocationTest"": ""Sameer""}",196312,ACM Team,acm@testea.onmicrosoft.com,,0.02,8611537,Trey Research Demo (DO NOT USE),1,2024-06-01T00:00Z,8611537,Trey Research Demo (DO NOT USE),,,ACM9000,,,,0.02,,,144867,ACM,,,,10000,USD,Standard,10K,Cloud Provider,Microsoft,,,FTK-MICFLAN-DESKTOP-GCC4URD,MICROSOFT.KEYVAULT/VAULTS,,,Microsoft Defender for Key Vault - Standard Transactions,"{""Cloud"":""Azure""}",True,Microsoft Defender for Cloud,2ae87903-de6e-4ece-a88d-c2691a10e975,Standard Transactions,Key Vault,MS-AZR-0148P,,,AAH-05390,,,,
0.000012,/providers/Microsoft.Billing/billingAccounts/8611537,Trey Research Demo (DO NOT USE),Billing Account,USD,2024-07-01T00:00Z,2024-06-01T00:00Z,Usage,,Microsoft Defender for Storage - Standard Transactions,Usage-Based,2024-06-08T00:00Z,2024-06-07T00:00Z,,,,,,0.00060000,Units,0.0000000012,0.02,0.000012,Microsoft,0.000012,0.02,Standard,0.00000006,Units,Microsoft,Microsoft,eastus,East US,/subscriptions/64e355d7-997c-491d-b0c1-8414dccfcf42/resourcegroups/ftk-integration-tests/providers/microsoft.storage/storageaccounts/cc32b516fd1c49d8b2cc66aa,cc32b516fd1c49d8b2cc66aa,Storage account,Storage,Storage Accounts,611182811,611182811,/subscriptions/64e355d7-997c-491d-b0c1-8414dccfcf42,Trey Research R&D Playground,Subscription,"{""org"": ""trey"",""Project"": ""Foo"",""CostCenter"": ""1234"","" org"": ""trey"",""env"": ""prod"",""CostAllocationTest"": ""Sameer""}",196312,ACM Team,acm@testea.onmicrosoft.com,,0.02,8611537,Trey Research Demo (DO NOT USE),1,2024-06-01T00:00Z,8611537,Trey Research Demo (DO NOT USE),,SameerRuleWithTag,ACM9000,,,,0.02,,,144867,ACM,,,,10000,USD,Standard,10K,Cloud Provider,Microsoft,,,ftk-integration-tests,Microsoft.Storage/storageAccounts,,,Microsoft Defender for Storage - Standard Transactions,"{""Cloud"":""Azure"",""StorageService"":""Files""}",True,Microsoft Defender for Cloud,8a752c6d-6098-4f15-8828-3716ba46d524,Standard Transactions,Storage,MS-AZR-0148P,,,AAA-97331,,,,
-0.025,/providers/Microsoft.Billing/billingAccounts/8611537,Trey Research Demo (DO NOT USE),Billing Account,USD,2024-07-01T00:00Z,2024-06-01T00:00Z,Usage,,Load Balancer - Standard Included LB Rules and Outbound Rules,Usage-Based,2024-06-08T00:00Z,2024-06-07T00:00Z,,,,,,-1,Hours,-0.025,0.025,-0.025,Microsoft,-0.025,0.025,Standard,-1,Hours,Microsoft,Microsoft,eastus2,East US 2,/subscriptions/64e355d7-997c-491d-b0c1-8414dccfcf42/resourcegroups/zfinops/providers/microsoft.machinelearningservices/workspaces/zfinopswkspace,zfinopswkspace,Azure Machine Learning workspace,AI and Machine Learning,Azure Machine Learning,1071942,1071942,/subscriptions/64e355d7-997c-491d-b0c1-8414dccfcf42,Trey Research R&D Playground,Subscription,"{""CostCenter"": ""1234"",""CostAllocationTest"": ""Sameer"",""AMLResourceType"": ""Provisioner.Batch"",""env"": ""prod"",""org"": ""trey"",""ComputeType"": ""Compute Instance""}",196312,ACM Team,acm@testea.onmicrosoft.com,,0.025,8611537,Trey Research Demo (DO NOT USE),1,2024-06-01T00:00Z,8611537,Trey Research Demo (DO NOT USE),,SameerRuleWithTag,ACM9000,,,,0.025,,,144867,ACM,,,,1,USD,Standard,1 Hour,Cloud Provider,Microsoft,,,zfinops,Microsoft.MachineLearningServices/workspaces,,,Load Balancer - Standard Included LB Rules and Outbound Rules,"{""AccountName"":""bai52238044515004711258a"",""PoolName"":""samutrej1_a7a4be7a-0fb0-4f5b-a185-38adc2db211a"",""ConfigType"":""VirtualMachine"",""NodeType"":""Dedicated"",""PoolAllocationMode"":""BatchService"",""UsageType"":""loadbalancers"",""ClusterType"":""DSI"",""AmlWorkspaceId"":""90c7fd4d-a043-4a63-b232-b06086ef55a8"",""WorkspaceLocation"":""eastus2"",""AMLResourceType"":""Provisioner.Batch"",""SourceEventId"":""bf32f831-ad07-9b5c-ec46-626e2119f849"",""SourceResourceProvider"":""Batch"",""HostSubscriptionId"":""2b56c433-734a-4e64-8dce-4d9f93075804"",""EmittingService"":""Machine Learning Service - Non DSVM"",""Processor_Version"":""BillingProcessorV2""}",True,Load Balancer,27827eb0-7f60-4928-940b-f5fe15e7a4cb,Standard Included LB Rules and Outbound Rules,Standard,MS-AZR-0148P,,,AAA-21856,,,,
-0.000006,/providers/Microsoft.Billing/billingAccounts/8611537,Trey Research Demo (DO NOT USE),Billing Account,USD,2024-07-01T00:00Z,2024-06-01T00:00Z,Usage,,Microsoft Defender for Storage - Standard Transactions,Usage-Based,2024-06-08T00:00Z,2024-06-07T00:00Z,,,,,,-0.00030000,Units,-0.0000000006,0.02,-0.000006,Microsoft,-0.000006,0.02,Standard,-0.00000003,Units,Microsoft,Microsoft,eastus,East US,/subscriptions/64e355d7-997c-491d-b0c1-8414dccfcf42/resourcegroups/ftk-integration-tests/providers/microsoft.storage/storageaccounts/984e52e25e864624a8873820,984e52e25e864624a8873820,Storage account,Storage,Storage Accounts,611182811,611182811,/subscriptions/64e355d7-997c-491d-b0c1-8414dccfcf42,Trey Research R&D Playground,Subscription,"{""CostCenter"": ""1234"",""CostAllocationTest"": ""Sameer""}",196312,ACM Team,acm@testea.onmicrosoft.com,,0.02,8611537,Trey Research Demo (DO NOT USE),1,2024-06-01T00:00Z,8611537,Trey Research Demo (DO NOT USE),,SameerRuleWithTag,ACM9000,,,,0.02,,,144867,ACM,,,,10000,USD,Standard,10K,Cloud Provider,Microsoft,,,ftk-integration-tests,Microsoft.Storage/storageAccounts,,,Microsoft Defender for Storage - Standard Transactions,"{""Cloud"":""Azure"",""StorageService"":""Blob""}",True,Microsoft Defender for Cloud,8a752c6d-6098-4f15-8828-3716ba46d524,Standard Transactions,Storage,MS-AZR-0148P,,,AAA-97331,,,,
-0.000012,/providers/Microsoft.Billing/billingAccounts/8611537,Trey Research Demo (DO NOT USE),Billing Account,USD,2024-07-01T00:00Z,2024-06-01T00:00Z,Usage,,Microsoft Defender for Storage - Standard Transactions,Usage-Based,2024-06-08T00:00Z,2024-06-07T00:00Z,,,,,,-0.00060000,Units,-0.0000000012,0.02,-0.000012,Microsoft,-0.000012,0.02,Standard,-0.00000006,Units,Microsoft,Microsoft,eastus,East US,/subscriptions/64e355d7-997c-491d-b0c1-8414dccfcf42/resourcegroups/ftk-integration-tests/providers/microsoft.storage/storageaccounts/eeacb023a55c49218279f154,eeacb023a55c49218279f154,Storage account,Storage,Storage Accounts,611182811,611182811,/subscriptions/64e355d7-997c-491d-b0c1-8414dccfcf42,Trey Research R&D Playground,Subscription,"{""CostCenter"": ""1234"",""CostAllocationTest"": ""Sameer"",""env"": ""prod"",""org"": ""trey"",""Project"": ""Foo""}",196312,ACM Team,acm@testea.onmicrosoft.com,,0.02,8611537,Trey Research Demo (DO NOT USE),1,2024-06-01T00:00Z,8611537,Trey Research Demo (DO NOT USE),,SameerRuleWithTag,ACM9000,,,,0.02,,,144867,ACM,,,,10000,USD,Standard,10K,Cloud Provider,Microsoft,,,ftk-integration-tests,Microsoft.Storage/storageAccounts,,,Microsoft Defender for Storage - Standard Transactions,"{""Cloud"":""Azure"",""StorageService"":""Files""}",True,Microsoft Defender for Cloud,8a752c6d-6098-4f15-8828-3716ba46d524,Standard Transactions,Storage,MS-AZR-0148P,,,AAA-97331,,,,
0.000004,/providers/Microsoft.Billing/billingAccounts/8611537,Trey Research Demo (DO NOT USE),Billing Account,USD,2024-07-01T00:00Z,2024-06-01T00:00Z,Usage,,Tiered Block Blob - All Other Operations - US East,Usage-Based,2024-06-04T00:00Z,2024-06-03T00:00Z,,,,,,0.0010000,Units,0.0000000004,0.004,0.000004,Microsoft,0.000004,0.004,Standard,0.0000001,Units,Microsoft,Microsoft,eastus,East US,/subscriptions/64e355d7-997c-491d-b0c1-8414dccfcf42/resourcegroups/ftk-integration-tests/providers/microsoft.storage/storageaccounts/05e68e0d49014ce99ac68058,05e68e0d49014ce99ac68058,Storage account,Storage,Storage Accounts,1047247,1047247,/subscriptions/64e355d7-997c-491d-b0c1-8414dccfcf42,Trey Research R&D Playground,Subscription,"{""org"": ""trey"",""Project"": ""Foo"",""CostCenter"": ""1234"","" org"": ""trey"",""env"": ""prod"",""CostAllocationTest"": ""Sameer""}",196312,ACM Team,acm@testea.onmicrosoft.com,,0.004,8611537,Trey Research Demo (DO NOT USE),1,2024-06-01T00:00Z,8611537,Trey Research Demo (DO NOT USE),,SameerRuleWithTag,ACM9000,,,,0.004,,,144867,ACM,,,,10000,USD,Standard,10K,Cloud Provider,Microsoft,,,ftk-integration-tests,Microsoft.Storage/storageAccounts,,,Tiered Block Blob - All Other Operations - US East,,True,Storage,0b248445-aa24-4fe8-a794-a174929327bd,All Other Operations,Tiered Block Blob,MS-AZR-0148P,,,AAA-70098,US East,,,
0.005,/providers/Microsoft.Billing/billingAccounts/8611537,Trey Research Demo (DO NOT USE),Billing Account,USD,2024-07-01T00:00Z,2024-06-01T00:00Z,Usage,,IP Addresses - Standard IPv4 Static Public IP - Dev/Test,Usage-Based,2024-06-04T00:00Z,2024-06-03T00:00Z,,,,,,1,Hours,0.005,0.005,0.005,Microsoft,0.005,0.005,Standard,1,Hours,Microsoft,Microsoft,eastus2,East US 2,/subscriptions/64e355d7-997c-491d-b0c1-8414dccfcf42/resourcegroups/devtestlab/providers/microsoft.machinelearningservices/workspaces/zmltestplayground,zmltestplayground,Azure Machine Learning workspace,AI and Machine Learning,Azure Machine Learning,616208794,616208794,/subscriptions/64e355d7-997c-491d-b0c1-8414dccfcf42,Trey Research R&D Playground,Subscription,"{""ComputeType"": ""Compute Instance"","" org"": ""trey"",""CostAllocationTest"": ""Sameer""}",196312,ACM Team,acm@testea.onmicrosoft.com,,0.005,8611537,Trey Research Demo (DO NOT USE),1,2024-06-01T00:00Z,8611537,Trey Research Demo (DO NOT USE),,SameerRuleWithTag,ACM9000,,,,0.005,,,144867,ACM,,,,1,USD,Standard,1 Hour,Cloud Provider,Microsoft,,,devtestlab,Microsoft.MachineLearningServices/workspaces,,,IP Addresses - Standard IPv4 Static Public IP - Dev/Test,"{""AccountName"":""bai52238044515004711258a"",""PoolName"":""azurepc_84f29f84-4ac2-4286-9879-731da9be5607"",""ConfigType"":""VirtualMachine"",""NodeType"":""Dedicated"",""PoolAllocationMode"":""BatchService"",""UsageType"":""publicipaddresses"",""ClusterType"":""DSI"",""AmlWorkspaceId"":""32ef54ad-3016-47b1-bc5c-d1f26560cc18"",""AMLResourceType"":""Provisioner.Batch"",""SourceEventId"":""9d812a51-f5c0-7d03-e59f-e5de1613ac68"",""SourceResourceProvider"":""Batch"",""HostSubscriptionId"":""2b56c433-734a-4e64-8dce-4d9f93075804"",""EmittingService"":""Machine Learning Service - Non DSVM"",""Processor_Version"":""BillingProcessorV2""}",True,Virtual Network,9c150bf9-2bad-430e-a53c-c213804f49ef,Standard IPv4 Static Public IP,IP Addresses,MS-AZR-0148P,,,AAD-84351,,,,
0.00000648,/providers/Microsoft.Billing/billingAccounts/8611537,Trey Research Demo (DO NOT USE),Billing Account,USD,2024-07-01T00:00Z,2024-06-01T00:00Z,Usage,,Tables - LRS Data Stored,Usage-Based,2024-06-11T00:00Z,2024-06-10T00:00Z,,,,,,0.000144,GB/Month,0.000006480,0.045,0.00000648,Microsoft,0.000006480,0.045,Standard,0.000144,GB/Month,Microsoft,Microsoft,eastus,East US,/subscriptions/64e355d7-997c-491d-b0c1-8414dccfcf42/resourcegroups/ftk-integration-tests/providers/microsoft.storage/storageaccounts/6c049102cd944511a804e5a5,6c049102cd944511a804e5a5,Storage account,Storage,Storage Accounts,1017069,1017069,/subscriptions/64e355d7-997c-491d-b0c1-8414dccfcf42,Trey Research R&D Playground,Subscription,"{""CostCenter"": ""1234"",""CostAllocationTest"": ""Sameer"",""env"": ""prod"",""org"": ""trey"",""Project"": ""Foo""}",196312,ACM Team,acm@testea.onmicrosoft.com,,0.045,8611537,Trey Research Demo (DO NOT USE),1,2024-06-01T00:00Z,8611537,Trey Research Demo (DO NOT USE),,,ACM9000,,,,0.045,,,144867,ACM,,,,1,USD,Standard,1 GB/Month,Cloud Provider,Microsoft,,,ftk-integration-tests,Microsoft.Storage/storageAccounts,,,Tables - LRS Data Stored,,True,Storage,3f2b1e1c-c886-4ec6-ad6f-dd0ef38819c9,LRS Data Stored,Tables,MS-AZR-0148P,,,N9H-00637,,,,
0.6,/providers/Microsoft.Billing/billingAccounts/8611537,Trey Research Demo (DO NOT USE),Billing Account,USD,2024-07-01T00:00Z,2024-06-01T00:00Z,Usage,,Load Balancer - Standard Included LB Rules and Outbound Rules,Usage-Based,2024-06-11T00:00Z,2024-06-10T00:00Z,,,,,,24,Hours,0.600,0.025,0.6,Microsoft,0.600,0.025,Standard,24,Hours,Microsoft,Microsoft,eastus,East US,/subscriptions/9ec51cfd-5ca7-4d76-8101-dd0a4abc5674/resourcegroups/mc_akstestingrg_eatestcluster3_eastus/providers/microsoft.network/loadbalancers/kubernetes,kubernetes,Load balancer,Networking,Load Balancer,1071942,1071942,/subscriptions/9ec51cfd-5ca7-4d76-8101-dd0a4abc5674,Trey Research Corporate,Subscription,"{""aks-managed-cluster-name"": ""eatestCluster3"",""aks-managed-cluster-rg"": ""akstestingrg"",""CostCenter"": ""1234"",""env"": ""prod"",""org"": ""trey"",""Cost department"": ""Marketing""}",196312,ACM Team,acm@testea.onmicrosoft.com,,0.025,8611537,Trey Research Demo (DO NOT USE),1,2024-06-01T00:00Z,8611537,Trey Research Demo (DO NOT USE),,,ACM9000,,,,0.025,,,144867,ACM,,,,1,USD,Standard,1 Hour,Cloud Provider,Microsoft,,,mc_akstestingrg_eatestcluster3_eastus,microsoft.network/loadbalancers,,,Load Balancer - Standard Included LB Rules and Outbound Rules,"{""PlatformType"":""V2-Agg""}",True,Load Balancer,27827eb0-7f60-4928-940b-f5fe15e7a4cb,Standard Included LB Rules and Outbound Rules,Standard,MS-AZR-0017P,,,AAA-21856,,,,
0.00000756,/providers/Microsoft.Billing/billingAccounts/8611537,Trey Research Demo (DO NOT USE),Billing Account,USD,2024-07-01T00:00Z,2024-06-01T00:00Z,Usage,,Tables - LRS Data Stored,Usage-Based,2024-06-14T00:00Z,2024-06-13T00:00Z,,,,,,0.000168,GB/Month,0.000007560,0.045,0.00000756,Microsoft,0.000007560,0.045,Standard,0.000168,GB/Month,Microsoft,Microsoft,eastus,East US,/subscriptions/64e355d7-997c-491d-b0c1-8414dccfcf42/resourcegroups/ftk-integration-tests/providers/microsoft.storage/storageaccounts/bf664c235b134d2bb1e1e800,bf664c235b134d2bb1e1e800,Storage account,Storage,Storage Accounts,1017069,1017069,/subscriptions/64e355d7-997c-491d-b0c1-8414dccfcf42,Trey Research R&D Playground,Subscription,"{""CostCenter"": ""1234"",""CostAllocationTest"": ""Sameer"",""env"": ""prod"",""org"": ""trey"",""Project"": ""Foo""}",196312,ACM Team,acm@testea.onmicrosoft.com,,0.045,8611537,Trey Research Demo (DO NOT USE),1,2024-06-01T00:00Z,8611537,Trey Research Demo (DO NOT USE),,,ACM9000,,,,0.045,,,144867,ACM,,,,1,USD,Standard,1 GB/Month,Cloud Provider,Microsoft,,,ftk-integration-tests,Microsoft.Storage/storageAccounts,,,Tables - LRS Data Stored,,True,Storage,3f2b1e1c-c886-4ec6-ad6f-dd0ef38819c9,LRS Data Stored,Tables,MS-AZR-0148P,,,N9H-00637,,,,
0.149,/providers/Microsoft.Billing/billingAccounts/8611537,Trey Research Demo (DO NOT USE),Billing Account,USD,2024-07-01T00:00Z,2024-06-01T00:00Z,Usage,,Virtual Machines Dv2/DSv2 Series - D11 v2/DS11 v2 - US East 2,Usage-Based,2024-06-14T00:00Z,2024-06-13T00:00Z,,,,,,1,Hours,0.149,0.149,0.149,Microsoft,0.149,0.149,Standard,1,Hours,Microsoft,Microsoft,eastus2,East US 2,/subscriptions/64e355d7-997c-491d-b0c1-8414dccfcf42/resourcegroups/devtestlab/providers/microsoft.machinelearningservices/workspaces/zmltestplayground,zmltestplayground,Azure Machine Learning workspace,AI and Machine Learning,Azure Machine Learning,1009967,1009967,/subscriptions/64e355d7-997c-491d-b0c1-8414dccfcf42,Trey Research R&D Playground,Subscription,"{""ComputeType"": ""Compute Instance"","" org"": ""trey"",""CostAllocationTest"": ""Sameer""}",196312,ACM Team,acm@testea.onmicrosoft.com,,0.149,8611537,Trey Research Demo (DO NOT USE),1,2024-06-01T00:00Z,8611537,Trey Research Demo (DO NOT USE),,SameerRuleWithTag,ACM9000,,,,0.149,,,144867,ACM,,,,1,USD,Standard,1 Hour,Cloud Provider,Microsoft,,,devtestlab,Microsoft.MachineLearningServices/workspaces,,,Virtual Machines Dv2/DSv2 Series - D11 v2/DS11 v2 - US East 2,"{""AccountName"":""bai52238044515004711258a"",""PoolName"":""azurepc_84f29f84-4ac2-4286-9879-731da9be5607"",""ConfigType"":""VirtualMachine"",""NodeType"":""Dedicated"",""PoolAllocationMode"":""BatchService"",""ImageType"":""Canonical"",""ServiceType"":""Standard_D11_v2"",""UsageType"":""ComputeHR"",""VCPUs"":""2"",""ClusterType"":""DSI"",""AmlWorkspaceId"":""32ef54ad-3016-47b1-bc5c-d1f26560cc18"",""AMLResourceType"":""Provisioner.Batch"",""SourceEventId"":""a692c7a3-bbfd-133e-1340-e81236cf70ad"",""SourceResourceProvider"":""Batch"",""HostSubscriptionId"":""2b56c433-734a-4e64-8dce-4d9f93075804"",""EmittingService"":""Machine Learning Service - Non DSVM"",""Processor_Version"":""BillingProcessorV2""}",True,Virtual Machines,b17ee794-9c81-499f-9a76-789152fa3f39,D11 v2/DS11 v2,Dv2/DSv2 Series,MS-AZR-0148P,,,997-02728,US East 2,,,
0.000000216,/providers/Microsoft.Billing/billingAccounts/8611537,Trey Research Demo (DO NOT USE),Billing Account,USD,2024-07-01T00:00Z,2024-06-01T00:00Z,Usage,,Tables - Read Operations,Usage-Based,2024-06-06T00:00Z,2024-06-05T00:00Z,,,,,,0.00060000,Units,0.0000000000216,0.00036,0.000000216,Microsoft,0.000000216,0.00036,Standard,0.00000006,Units,Microsoft,Microsoft,eastus,East US,/subscriptions/9ec51cfd-5ca7-4d76-8101-dd0a4abc5674/resourcegroups/aksexportsrg/providers/microsoft.storage/storageaccounts/aksexportssa,aksexportssa,Storage account,Storage,Storage Accounts,1012339,1012339,/subscriptions/ed570627-0265-4620-bb42-bae06bcfa914,Trey Research IT,Subscription,"{""CostCenter"": ""1234"",""Cost department"": ""Marketing"",""env"": ""prod"",""org"": ""trey"",""Project"": ""Foo""}",196312,ACM Team,acm@testea.onmicrosoft.com,,0.00036,8611537,Trey Research Demo (DO NOT USE),1,2024-06-01T00:00Z,8611537,Trey Research Demo (DO NOT USE),,PartnerCommunityDemo,ACM9000,,,,0.00036,,,144867,ACM,,,,10000,USD,Standard,10K,Cloud Provider,Microsoft,,,aksexportsrg,Microsoft.Storage/storageAccounts,,,Tables - Read Operations,,True,Storage,12da282f-7e96-49e2-983a-9a65da2a4866,Read Operations,Tables,MS-AZR-0017P,,,N9H-00805,,,,
0.00001,/providers/Microsoft.Billing/billingAccounts/8611537,Trey Research Demo (DO NOT USE),Billing Account,USD,2024-07-01T00:00Z,2024-06-01T00:00Z,Usage,,Tiered Block Blob - LRS - List and Create Container Operations - US East,Usage-Based,2024-06-06T00:00Z,2024-06-05T00:00Z,,,,,,0.00020000,Units,0.0000000010,0.05,0.00001,Microsoft,0.000010,0.05,Standard,0.00000002,Units,Microsoft,Microsoft,eastus,East US,/subscriptions/64e355d7-997c-491d-b0c1-8414dccfcf42/resourcegroups/ftk-integration-tests/providers/microsoft.storage/storageaccounts/559cca918b124640a9740f19,559cca918b124640a9740f19,Storage account,Storage,Storage Accounts,1099985,1099985,/subscriptions/64e355d7-997c-491d-b0c1-8414dccfcf42,Trey Research R&D Playground,Subscription,"{""org"": ""trey"",""Project"": ""Foo"",""CostCenter"": ""1234"","" org"": ""trey"",""env"": ""prod"",""CostAllocationTest"": ""Sameer""}",196312,ACM Team,acm@testea.onmicrosoft.com,,0.05,8611537,Trey Research Demo (DO NOT USE),1,2024-06-01T00:00Z,8611537,Trey Research Demo (DO NOT USE),,SameerRuleWithTag,ACM9000,,,,0.05,,,144867,ACM,,,,10000,USD,Standard,10K,Cloud Provider,Microsoft,,,ftk-integration-tests,Microsoft.Storage/storageAccounts,,,Tiered Block Blob - LRS - List and Create Container Operations - US East,,True,Storage,b99fcec0-a080-4921-8685-16e3b6318cff,LRS List and Create Container Operations,Tiered Block Blob,MS-AZR-0148P,,,AAD-37040,US East,,,
-0.000000217552297,/providers/Microsoft.Billing/billingAccounts/8611537,Trey Research Demo (DO NOT USE),Billing Account,USD,2024-07-01T00:00Z,2024-06-01T00:00Z,Usage,,Rtn Preference: MGN - Standard Data Transfer Out,Usage-Based,2024-06-06T00:00Z,2024-06-05T00:00Z,,,,,,-0.000002500601113,GB,-0.000000217552296831,0.087,-0.000000217552297,Microsoft,-0.000000217552296831,0.087,Standard,-0.000002500601113,GB,Microsoft,Microsoft,eastus2,East US 2,/subscriptions/64e355d7-997c-491d-b0c1-8414dccfcf42/resourcegroups/devtestlab/providers/microsoft.machinelearningservices/workspaces/zmltestplayground,zmltestplayground,Azure Machine Learning workspace,AI and Machine Learning,Azure Machine Learning,1010107,1010107,/subscriptions/64e355d7-997c-491d-b0c1-8414dccfcf42,Trey Research R&D Playground,Subscription,"{""CostAllocationTest"": ""Sameer"",""ComputeType"": ""Compute Instance""}",196312,ACM Team,acm@testea.onmicrosoft.com,,0.087,8611537,Trey Research Demo (DO NOT USE),1,2024-06-01T00:00Z,8611537,Trey Research Demo (DO NOT USE),,SameerRuleWithTag,ACM9000,,,,0.087,,,144867,ACM,,,,1,USD,Standard,1 GB,Cloud Provider,Microsoft,,,devtestlab,Microsoft.MachineLearningServices/workspaces,,,Rtn Preference: MGN - Standard Data Transfer Out,"{""AccountName"":""bai52238044515004711258a"",""PoolName"":""azurepc_84f29f84-4ac2-4286-9879-731da9be5607"",""ConfigType"":""VirtualMachine"",""NodeType"":""Dedicated"",""PoolAllocationMode"":""BatchService"",""UsageType"":""virtualmachinescalesets"",""ClusterType"":""DSI"",""AmlWorkspaceId"":""32ef54ad-3016-47b1-bc5c-d1f26560cc18"",""AMLResourceType"":""Provisioner.Batch"",""SourceEventId"":""34edca58-fe59-9077-bac8-656aafaccf44"",""SourceResourceProvider"":""Batch"",""HostSubscriptionId"":""2b56c433-734a-4e64-8dce-4d9f93075804"",""EmittingService"":""Machine Learning Service - Non DSVM"",""Processor_Version"":""BillingProcessorV2""}",True,Bandwidth,9995d93a-7d35-4d3f-9c69-7a7fea447ef4,Standard Data Transfer Out,,MS-AZR-0148P,,,Q5H-00003,Zone 1,,,
1.9136,/providers/Microsoft.Billing/billingAccounts/8611537,Trey Research Demo (DO NOT USE),Billing Account,USD,2024-07-01T00:00Z,2024-06-01T00:00Z,Usage,,Virtual Machines BS Series - B2ms - US East,Usage-Based,2024-06-06T00:00Z,2024-06-05T00:00Z,,,,,,23,Hours,1.9136,0.0832,1.9136,Microsoft,1.9136,0.0832,Standard,23,Hours,Microsoft,Microsoft,eastus,East US,/subscriptions/9ec51cfd-5ca7-4d76-8101-dd0a4abc5674/resourcegroups/mc_aksccmextensibilitypoc_test-cluster-1_eastus/providers/microsoft.compute/virtualmachinescalesets/aks-agentpool-35929937-vmss,aks-agentpool-35929937-vmss,Virtual machine scale set,Compute,Virtual Machine Scale Sets,1051526,1051526,/subscriptions/ed570627-0265-4620-bb42-bae06bcfa914,Trey Research IT,Subscription,"{""aks-managed-cluster-name"": ""test-cluster-1"",""aks-managed-cluster-rg"": ""aksccmextensibilitypoc"",""CostCenter"": ""1234"",""env"": ""prod"",""org"": ""trey"",""Cost department"": ""Marketing"",""aks-managed-consolidated-additional-properties"": ""e266cc95-5d88-11ee-baa1-4a2d99d43f85"",""aks-managed-createOperationID"": """",""aks-managed-creationSource"": ""vmssclient-aks-agentpool-35929937-vmss"",""aks-managed-kubeletIdentityClientID"": ""9a320ab0-94a6-48b6-a624-c36100c023ed"",""aks-managed-operationID"": ""9e5e22b1-9ba7-4cf9-a815-8ef7fe419f8b"",""aks-managed-orchestrator"": ""Kubernetes:1.22.6"",""aks-managed-poolName"": ""agentpool"",""aks-managed-resourceNameSuffix"": ""36728348"",""aks-managed-ssh-access"": ""LocalUser""}",196312,ACM Team,acm@testea.onmicrosoft.com,,0.0832,8611537,Trey Research Demo (DO NOT USE),1,2024-06-01T00:00Z,8611537,Trey Research Demo (DO NOT USE),,PartnerCommunityDemo,ACM9000,,,,0.0832,,,144867,ACM,,,,1,USD,Standard,1 Hour,Cloud Provider,Microsoft,,,MC_AKSCCMEXTENSIBILITYPOC_TEST-CLUSTER-1_EASTUS,Microsoft.Compute/virtualMachineScaleSets,,,Virtual Machines BS Series - B2ms - US East,"{""UsageType"":""ComputeHR"",""ImageType"":""Canonical"",""ServiceType"":""Standard_B2ms"",""VMName"":""aks-agentpool-35929937-vmss_3"",""VMProperties"":""Microsoft.AKS.Compute.AKS.Linux.Billing"",""VCPUs"":2,""ConsumedQuantity"":1.0}",True,Virtual Machines,ac404994-aeeb-4edb-a83d-7cd24425f58a,B2ms,BS Series,MS-AZR-0017P,,,AAA-68659,US East,,,
0.000004,/providers/Microsoft.Billing/billingAccounts/8611537,Trey Research Demo (DO NOT USE),Billing Account,USD,2024-07-01T00:00Z,2024-06-01T00:00Z,Usage,,Tiered Block Blob - All Other Operations - US East,Usage-Based,2024-06-18T00:00Z,2024-06-17T00:00Z,,,,,,0.0010000,Units,0.0000000004,0.004,0.000004,Microsoft,0.000004,0.004,Standard,0.0000001,Units,Microsoft,Microsoft,eastus,East US,/subscriptions/64e355d7-997c-491d-b0c1-8414dccfcf42/resourcegroups/ftk-integration-tests/providers/microsoft.storage/storageaccounts/dcdf12b4c1e54e8fb6c07c42,dcdf12b4c1e54e8fb6c07c42,Storage account,Storage,Storage Accounts,1047247,1047247,/subscriptions/64e355d7-997c-491d-b0c1-8414dccfcf42,Trey Research R&D Playground,Subscription,"{""org"": ""trey"",""Project"": ""Foo"",""CostCenter"": ""1234"","" org"": ""trey"",""env"": ""prod"",""CostAllocationTest"": ""Sameer""}",196312,ACM Team,acm@testea.onmicrosoft.com,,0.004,8611537,Trey Research Demo (DO NOT USE),1,2024-06-01T00:00Z,8611537,Trey Research Demo (DO NOT USE),,SameerRuleWithTag,ACM9000,,,,0.004,,,144867,ACM,,,,10000,USD,Standard,10K,Cloud Provider,Microsoft,,,ftk-integration-tests,Microsoft.Storage/storageAccounts,,,Tiered Block Blob - All Other Operations - US East,,True,Storage,0b248445-aa24-4fe8-a794-a174929327bd,All Other Operations,Tiered Block Blob,MS-AZR-0148P,,,AAA-70098,US East,,,
-0.0907242336,/providers/Microsoft.Billing/billingAccounts/8611537,Trey Research Demo (DO NOT USE),Billing Account,USD,2024-07-01T00:00Z,2024-06-01T00:00Z,Usage,,Tables - LRS Data Stored - UK West,Usage-Based,2024-06-03T00:00Z,2024-06-02T00:00Z,,,,,,-1.963728000000001,GB/Month,-0.0907242336000000462,0.0462,-0.0907242336,Microsoft,-0.0907242336000000462,0.0462,Standard,-1.963728000000001,GB/Month,Microsoft,Microsoft,ukwest,UK West,/subscriptions/64e355d7-997c-491d-b0c1-8414dccfcf42/resourcegroups/adamhourlyexporttest/providers/microsoft.storage/storageaccounts/adamhourlyexporttest964,adamhourlyexporttest964,Storage account,Storage,Storage Accounts,1003489,1003489,/subscriptions/64e355d7-997c-491d-b0c1-8414dccfcf42,Trey Research R&D Playground,Subscription,"{""CostCenter"": ""1234"","" org"": ""KeyHasSpace"",""CostAllocationTest"": ""Sameer"",""org"": ""trey"",""env"": ""prod""}",196312,ACM Team,acm@testea.onmicrosoft.com,,0.0462,8611537,Trey Research Demo (DO NOT USE),1,2024-06-01T00:00Z,8611537,Trey Research Demo (DO NOT USE),,SameerRuleWithTag,ACM9000,,,,0.0462,,,144867,ACM,,,,1,USD,Standard,1 GB/Month,Cloud Provider,Microsoft,,,AdamHourlyExportTest,Microsoft.Storage/storageAccounts,,,Tables - LRS Data Stored - UK West,,True,Storage,30106156-d005-4b27-abd3-1b9fbeb12c25,LRS Data Stored,Tables,MS-AZR-0148P,,,AAA-15672,UK West,,,
0.000000640712678,/providers/Microsoft.Billing/billingAccounts/8611537,Trey Research Demo (DO NOT USE),Billing Account,USD,2024-07-01T00:00Z,2024-06-01T00:00Z,Usage,,Bandwidth Inter-Region - Intra Continent Data Transfer Out - North America,Usage-Based,2024-06-03T00:00Z,2024-06-02T00:00Z,,,,,,0.000032035633922,GB,0.00000064071267844,0.02,0.000000640712678,Microsoft,0.00000064071267844,0.02,Standard,0.000032035633922,GB,Microsoft,Microsoft,eastus,East US,/subscriptions/9ec51cfd-5ca7-4d76-8101-dd0a4abc5674/resourcegroups/mc_aksccmextensibilitypoc_test-cluster-1_eastus/providers/microsoft.compute/virtualmachinescalesets/aks-agentpool-35929937-vmss,aks-agentpool-35929937-vmss,Virtual machine scale set,Compute,Virtual Machine Scale Sets,616169332,616169332,/subscriptions/9ec51cfd-5ca7-4d76-8101-dd0a4abc5674,Trey Research Corporate,Subscription,"{""aks-managed-cluster-name"": ""test-cluster-1"",""aks-managed-cluster-rg"": ""aksccmextensibilitypoc"",""CostCenter"": ""1234"",""env"": ""prod"",""org"": ""trey"",""Cost department"": ""Marketing"",""aks-managed-consolidated-additional-properties"": ""e266cc95-5d88-11ee-baa1-4a2d99d43f85"",""aks-managed-createOperationID"": """",""aks-managed-creationSource"": ""vmssclient-aks-agentpool-35929937-vmss"",""aks-managed-kubeletIdentityClientID"": ""9a320ab0-94a6-48b6-a624-c36100c023ed"",""aks-managed-operationID"": ""9e5e22b1-9ba7-4cf9-a815-8ef7fe419f8b"",""aks-managed-orchestrator"": ""Kubernetes:1.22.6"",""aks-managed-poolName"": ""agentpool"",""aks-managed-resourceNameSuffix"": ""36728348"",""aks-managed-ssh-access"": ""LocalUser""}",196312,ACM Team,acm@testea.onmicrosoft.com,,0.02,8611537,Trey Research Demo (DO NOT USE),1,2024-06-01T00:00Z,8611537,Trey Research Demo (DO NOT USE),,,ACM9000,,,,0.02,,,144867,ACM,,,,1,USD,Standard,1 GB,Cloud Provider,Microsoft,,,mc_aksccmextensibilitypoc_test-cluster-1_eastus,microsoft.compute/virtualmachinescalesets,,,Bandwidth Inter-Region - Intra Continent Data Transfer Out - North America,"{""PipelineType"":""v2"",""DataTransferDirection"":""DataTrOut"",""VmName"":""aks-agentpool-35929937-vmss_0"",""ContainerId"":""7c6954de-4629-4ad8-b81a-dfa4fd4a4113"",""NodeId"":""14320ac8-2a5a-4555-ac23-7d0f33c15a72""}",True,Bandwidth,dbefcfc1-e3f6-409b-be6d-9cd7b00724a5,Intra Continent Data Transfer Out,Inter-Region,MS-AZR-0017P,,,AAD-84507,North America,,,
0.0000012,/providers/Microsoft.Billing/billingAccounts/8611537,Trey Research Demo (DO NOT USE),Billing Account,USD,2024-07-01T00:00Z,2024-06-01T00:00Z,Usage,,Queues v2 - LRS - Class 1 Operations - CA Central,Usage-Based,2024-06-03T00:00Z,2024-06-02T00:00Z,,,,,,0.00030000,Units,0.00000000012,0.004,0.0000012,Microsoft,0.0000012,0.004,Standard,0.00000003,Units,Microsoft,Microsoft,canadacentral,Canada Central,/subscriptions/710625ca-2ae6-40da-90b9-2aa1eedd32d1/resourcegroups/autcostreport/providers/microsoft.storage/storageaccounts/costreportautomdemo,costreportautomdemo,Storage account,Storage,Storage Accounts,1046133,1046133,/subscriptions/710625ca-2ae6-40da-90b9-2aa1eedd32d1,Pay-As-You-Go,Subscription,,236762,ACMTiago,demo@testea.onmicrosoft.com,,0.004,8611537,Trey Research Demo (DO NOT USE),1,2024-06-01T00:00Z,8611537,Trey Research Demo (DO NOT USE),,,P10198560,,,,0.004,,,144867,ACM,,,,10000,USD,Standard,10K,Cloud Provider,Microsoft,,,AutCostReport,Microsoft.Storage/storageAccounts,,,Queues v2 - LRS - Class 1 Operations - CA Central,,True,Storage,3a5fc8a2-fea0-4b2a-b051-2d1e4527d725,LRS Class 1 Operations,Queues v2,MS-AZR-0017P,,,AAA-71345,CA Central,,,
0.000000072,/providers/Microsoft.Billing/billingAccounts/8611537,Trey Research Demo (DO NOT USE),Billing Account,USD,2024-07-01T00:00Z,2024-06-01T00:00Z,Usage,,Tables - Read Operations,Usage-Based,2024-06-03T00:00Z,2024-06-02T00:00Z,,,,,,0.00020000,Units,0.0000000000072,0.00036,0.000000072,Microsoft,0.000000072,0.00036,Standard,0.00000002,Units,Microsoft,Microsoft,eastus,East US,/subscriptions/64e355d7-997c-491d-b0c1-8414dccfcf42/resourcegroups/ftk-integration-tests/providers/microsoft.storage/storageaccounts/820d5d562a924a6c8ecc0548,820d5d562a924a6c8ecc0548,Storage account,Storage,Storage Accounts,1012339,1012339,/subscriptions/64e355d7-997c-491d-b0c1-8414dccfcf42,Trey Research R&D Playground,Subscription,"{""CostCenter"": ""1234"",""CostAllocationTest"": ""Sameer"",""env"": ""prod"",""org"": ""trey"",""Project"": ""Foo""}",196312,ACM Team,acm@testea.onmicrosoft.com,,0.00036,8611537,Trey Research Demo (DO NOT USE),1,2024-06-01T00:00Z,8611537,Trey Research Demo (DO NOT USE),,,ACM9000,,,,0.00036,,,144867,ACM,,,,10000,USD,Standard,10K,Cloud Provider,Microsoft,,,ftk-integration-tests,Microsoft.Storage/storageAccounts,,,Tables - Read Operations,,True,Storage,12da282f-7e96-49e2-983a-9a65da2a4866,Read Operations,Tables,MS-AZR-0148P,,,N9H-00805,,,,
0.000186322158203,/providers/Microsoft.Billing/billingAccounts/8611537,Trey Research Demo (DO NOT USE),Billing Account,USD,2024-07-01T00:00Z,2024-06-01T00:00Z,Usage,,Rtn Preference: MGN - Standard Data Transfer Out,Usage-Based,2024-06-03T00:00Z,2024-06-02T00:00Z,,,,,,0.002141634002328,GB,0.000186322158202536,0.087,0.000186322158203,Microsoft,0.000186322158202536,0.087,Standard,0.002141634002328,GB,Microsoft,Microsoft,eastus,East US,/subscriptions/9ec51cfd-5ca7-4d76-8101-dd0a4abc5674/resourcegroups/mc_analyticsengine_analyticsengine_eastus/providers/microsoft.network/applicationgateways/ingress-appgateway,ingress-appgateway,Application gateway,Networking,Application Gateway,1010107,1010107,/subscriptions/9ec51cfd-5ca7-4d76-8101-dd0a4abc5674,Trey Research Corporate,Subscription,"{""aks-managed-cluster-name"": ""AnalyticsEngine"",""aks-managed-cluster-rg"": ""AnalyticsEngine"",""CostCenter"": ""1234"",""env"": ""prod"",""org"": ""trey"",""test"": "",,,"",""hidden-managedby"": ""/subscriptions/9ec51cfd-5ca7-4d76-8101-dd0a4abc5674/resourceGroups/AnalyticsEngine/providers/Microsoft.ContainerService/managedClusters/AnalyticsEngine"",""ccm"": ""ElieTest"",""Cost department"": ""Marketing"",""created-by"": ""ingress-appgw"",""ingress-for-aks-cluster-id"": ""/subscriptions/9ec51cfd-5ca7-4d76-8101-dd0a4abc5674/resourcegroups/analyticsengine/providers/Microsoft.ContainerService/managedClusters/analyticsengine"",""managed-by-k8s-ingress"": ""1.5.3/94b2b229/2023-02-03-21:42T+0000"",""Project"": ""Foo""}",196312,ACM Team,acm@testea.onmicrosoft.com,,0.087,8611537,Trey Research Demo (DO NOT USE),1,2024-06-01T00:00Z,8611537,Trey Research Demo (DO NOT USE),,,ACM9000,,,,0.087,,,144867,ACM,,,,1,USD,Standard,1 GB,Cloud Provider,Microsoft,,,mc_analyticsengine_analyticsengine_eastus,microsoft.network/applicationgateways,,,Rtn Preference: MGN - Standard Data Transfer Out,"{""PlatformType"":""V2-Agg""}",True,Bandwidth,9995d93a-7d35-4d3f-9c69-7a7fea447ef4,Standard Data Transfer Out,,MS-AZR-0017P,,,Q5H-00003,Zone 1,,,
0.000000008046627,/providers/Microsoft.Billing/billingAccounts/8611537,Trey Research Demo (DO NOT USE),Billing Account,USD,2024-07-01T00:00Z,2024-06-01T00:00Z,Usage,,Bandwidth Inter-Region - Intra Continent Data Transfer Out - North America,Usage-Based,2024-06-03T00:00Z,2024-06-02T00:00Z,,,,,,0.000000402331352,GB,0.00000000804662704,0.02,0.000000008046627,Microsoft,0.00000000804662704,0.02,Standard,0.000000402331352,GB,Microsoft,Microsoft,eastus2,East US 2,/subscriptions/64e355d7-997c-491d-b0c1-8414dccfcf42/resourcegroups/devtestlab/providers/microsoft.machinelearningservices/workspaces/zmltestplayground,zmltestplayground,Azure Machine Learning workspace,AI and Machine Learning,Azure Machine Learning,616169332,616169332,/subscriptions/64e355d7-997c-491d-b0c1-8414dccfcf42,Trey Research R&D Playground,Subscription,"{""ComputeType"": ""Compute Instance"","" org"": ""trey"",""CostAllocationTest"": ""Sameer""}",196312,ACM Team,acm@testea.onmicrosoft.com,,0.02,8611537,Trey Research Demo (DO NOT USE),1,2024-06-01T00:00Z,8611537,Trey Research Demo (DO NOT USE),,SameerRuleWithTag,ACM9000,,,,0.02,,,144867,ACM,,,,1,USD,Standard,1 GB,Cloud Provider,Microsoft,,,devtestlab,Microsoft.MachineLearningServices/workspaces,,,Bandwidth Inter-Region - Intra Continent Data Transfer Out - North America,"{""AccountName"":""bai52238044515004711258a"",""PoolName"":""azurepc_84f29f84-4ac2-4286-9879-731da9be5607"",""ConfigType"":""VirtualMachine"",""NodeType"":""Dedicated"",""PoolAllocationMode"":""BatchService"",""UsageType"":""virtualmachinescalesets"",""ClusterType"":""DSI"",""AmlWorkspaceId"":""32ef54ad-3016-47b1-bc5c-d1f26560cc18"",""AMLResourceType"":""Provisioner.Batch"",""SourceEventId"":""d32ccdc2-81fa-a8ce-b48a-e45a82d92ff8"",""SourceResourceProvider"":""Batch"",""HostSubscriptionId"":""2b56c433-734a-4e64-8dce-4d9f93075804"",""EmittingService"":""Machine Learning Service - Non DSVM"",""Processor_Version"":""BillingProcessorV2""}",True,Bandwidth,dbefcfc1-e3f6-409b-be6d-9cd7b00724a5,Intra Continent Data Transfer Out,Inter-Region,MS-AZR-0148P,,,AAD-84507,North America,,,
-0.65705256,/providers/Microsoft.Billing/billingAccounts/8611537,Trey Research Demo (DO NOT USE),Billing Account,USD,2024-07-01T00:00Z,2024-06-01T00:00Z,Usage,,Premium SSD Managed Disks - P10 LRS - US East,Usage-Based,2024-06-09T00:00Z,2024-06-08T00:00Z,,,,,,-0.033336,Units/Month,-0.65705256,19.71,-0.65705256,Microsoft,-0.65705256,19.71,Standard,-0.033336,Units/Month,Microsoft,Microsoft,eastus,East US,/subscriptions/9ec51cfd-5ca7-4d76-8101-dd0a4abc5674/resourcegroups/mc_aksccmextensibilitypoc_test-cluster-1_eastus/providers/microsoft.compute/disks/aks-nodepool1-220302aks-nodepool1-2203021os__2_c1944decc9ee408887e8d02ccc84e67a,aks-nodepool1-220302aks-nodepool1-2203021OS__2_c1944decc9ee408887e8d02ccc84e67a,Disk,Compute,Virtual Machines,1073873,1073873,/subscriptions/9ec51cfd-5ca7-4d76-8101-dd0a4abc5674,Trey Research Corporate,Subscription,"{""aks-managed-cluster-name"": ""test-cluster-1"",""aks-managed-cluster-rg"": ""aksccmextensibilitypoc"",""CostCenter"": ""1234"",""env"": ""prod"",""org"": ""trey"",""Cost department"": ""Marketing"",""aks-managed-consolidated-additional-properties"": ""e266d5d1-5d88-11ee-baa1-4a2d99d43f85"",""aks-managed-createOperationID"": """",""aks-managed-creationSource"": ""vmssclient-aks-nodepool1-22030218-vmss"",""aks-managed-kubeletIdentityClientID"": ""9a320ab0-94a6-48b6-a624-c36100c023ed"",""aks-managed-operationID"": ""9e5e22b1-9ba7-4cf9-a815-8ef7fe419f8b"",""aks-managed-orchestrator"": ""Kubernetes:1.22.6"",""aks-managed-poolName"": ""nodepool1"",""aks-managed-resourceNameSuffix"": ""36728348"",""aks-managed-ssh-access"": ""LocalUser""}",196312,ACM Team,acm@testea.onmicrosoft.com,,19.71,8611537,Trey Research Demo (DO NOT USE),1,2024-06-01T00:00Z,8611537,Trey Research Demo (DO NOT USE),,PartnerCommunityDemo,ACM9000,,,,19.71,,,144867,ACM,,,,1,USD,Standard,1/Month,Cloud Provider,Microsoft,,,MC_AKSCCMEXTENSIBILITYPOC_TEST-CLUSTER-1_EASTUS,Microsoft.Compute/disks,,,Premium SSD Managed Disks - P10 LRS - US East,,True,Storage,93a6a529-4f49-47cb-9b1e-db9e5f23263f,P10 LRS Disk,Premium SSD Managed Disks,MS-AZR-0017P,,,AAD-18110,US East,,,
0.000012,/providers/Microsoft.Billing/billingAccounts/8611537,Trey Research Demo (DO NOT USE),Billing Account,USD,2024-07-01T00:00Z,2024-06-01T00:00Z,Usage,,Microsoft Defender for Storage - Standard Transactions,Usage-Based,2024-06-09T00:00Z,2024-06-08T00:00Z,,,,,,0.00060000,Units,0.0000000012,0.02,0.000012,Microsoft,0.000012,0.02,Standard,0.00000006,Units,Microsoft,Microsoft,centralus,Central US,/subscriptions/64e355d7-997c-491d-b0c1-8414dccfcf42/resourcegroups/clancytest/providers/microsoft.storage/storageaccounts/clancyteststgeacct2,clancyteststgeacct2,Storage account,Storage,Storage Accounts,611182811,611182811,/subscriptions/64e355d7-997c-491d-b0c1-8414dccfcf42,Trey Research R&D Playground,Subscription,"{""ClancyTag"": ""ClancyTestRG"",""CostAllocationTest"": ""Sameer"",""env"": ""prod"",""org"": ""trey""}",196312,ACM Team,acm@testea.onmicrosoft.com,,0.02,8611537,Trey Research Demo (DO NOT USE),1,2024-06-01T00:00Z,8611537,Trey Research Demo (DO NOT USE),,,ACM9000,,,,0.02,,,144867,ACM,,,,10000,USD,Standard,10K,Cloud Provider,Microsoft,,,ClancyTest,Microsoft.Storage/storageAccounts,,,Microsoft Defender for Storage - Standard Transactions,"{""Cloud"":""Azure"",""StorageService"":""Files""}",True,Microsoft Defender for Cloud,8a752c6d-6098-4f15-8828-3716ba46d524,Standard Transactions,Storage,MS-AZR-0148P,,,AAA-97331,,,,
0.1600128,/providers/Microsoft.Billing/billingAccounts/8611537,Trey Research Demo (DO NOT USE),Billing Account,USD,2024-07-01T00:00Z,2024-06-01T00:00Z,Usage,,Premium SSD Managed Disks - P4 LRS - US South Central,Usage-Based,2024-06-17T00:00Z,2024-06-16T00:00Z,,,,,,0.033336,Units/Month,0.1600128,4.8,0.1600128,Microsoft,0.1600128,4.8,Standard,0.033336,Units/Month,Microsoft,Microsoft,southcentralus,South Central US,/subscriptions/1caaa5a3-2b66-438e-8ab4-bce37d518c5d/resourcegroups/acm-demo01/providers/microsoft.compute/disks/jupiterlander_disk1_9cc8ba8003fb4f0f94b22aef966aeaef,jupiterlander_disk1_9cc8ba8003fb4f0f94b22aef966aeaef,Disk,Compute,Virtual Machines,1073466,1073466,/subscriptions/1caaa5a3-2b66-438e-8ab4-bce37d518c5d,Cost Management Research,Subscription,"{""CostCenter"": ""SubACM""}",196312,ACM Team,acm@testea.onmicrosoft.com,,4.8,8611537,Trey Research Demo (DO NOT USE),1,2024-06-01T00:00Z,8611537,Trey Research Demo (DO NOT USE),,,acm9000,,,,4.8,,,144867,ACM,,,,1,USD,Standard,1/Month,Cloud Provider,Microsoft,,,ACM-DEMO01,Microsoft.Compute/disks,,,Premium SSD Managed Disks - P4 LRS - US South Central,,True,Storage,9a88050a-c33e-45c3-a524-7bb1a94b0602,P4 LRS Disk,Premium SSD Managed Disks,MS-AZR-0017P,,,AAD-18184,US South Central,,,
0.00000023804605,/providers/Microsoft.Billing/billingAccounts/8611537,Trey Research Demo (DO NOT USE),Billing Account,USD,2024-07-01T00:00Z,2024-06-01T00:00Z,Usage,,Bandwidth Inter-Region - Intra Continent Data Transfer Out - North America,Usage-Based,2024-06-17T00:00Z,2024-06-16T00:00Z,,,,,,0.000011902302504,GB,0.00000023804605008,0.02,0.00000023804605,Microsoft,0.00000023804605008,0.02,Standard,0.000011902302504,GB,Microsoft,Microsoft,canadacentral,Canada Central,/subscriptions/299611fd-f57d-4591-a2ce-b485ba0021cd/resourcegroups/contosocgitestrg/providers/microsoft.compute/virtualmachines/cgivm1,cgivm1,Virtual machine,Compute,Virtual Machines,616169332,616169332,/subscriptions/299611fd-f57d-4591-a2ce-b485ba0021cd,contosocgitestsub,Subscription,,315345,CGITest,cgitest@contosotestcgi.onmicrosoft.com,,0.02,8611537,Trey Research Demo (DO NOT USE),1,2024-06-01T00:00Z,8611537,Trey Research Demo (DO NOT USE),,,test123,,,,0.02,,,144867,ACM,,,,1,USD,Standard,1 GB,Cloud Provider,Microsoft,,,contosocgitestrg,microsoft.compute/virtualmachines,,,Bandwidth Inter-Region - Intra Continent Data Transfer Out - North America,"{""PipelineType"":""v2"",""DataTransferDirection"":""DataTrOut"",""VmName"":""cgivm1"",""ContainerId"":""4faa9f1a-3c87-4262-813b-e1a9596a9635"",""NodeId"":""aa656a30-0989-f24f-a329-b7fa98d36ca9""}",True,Bandwidth,dbefcfc1-e3f6-409b-be6d-9cd7b00724a5,Intra Continent Data Transfer Out,Inter-Region,MS-AZR-0017P,,,AAD-84507,North America,,,
0.0000096,/providers/Microsoft.Billing/billingAccounts/8611537,Trey Research Demo (DO NOT USE),Billing Account,USD,2024-07-01T00:00Z,2024-06-01T00:00Z,Usage,,Tables - LRS Data Stored - CA East,Usage-Based,2024-06-19T00:00Z,2024-06-18T00:00Z,,,,,,0.000192,GB/Month,0.00000960,0.05,0.0000096,Microsoft,0.00000960,0.05,Standard,0.000192,GB/Month,Microsoft,Microsoft,canadaeast,Canada East,/subscriptions/9ec51cfd-5ca7-4d76-8101-dd0a4abc5674/resourcegroups/treynetwork/providers/microsoft.storage/storageaccounts/storshrew,storshrew,Storage account,Storage,Storage Accounts,1009522,1009522,/subscriptions/ed570627-0265-4620-bb42-bae06bcfa914,Trey Research IT,Subscription,"{""Cost department"": ""Marketing"",""env"": ""prod"",""org"": ""trey"",""Project"": ""Foo""}",196312,ACM Team,acm@testea.onmicrosoft.com,,0.05,8611537,Trey Research Demo (DO NOT USE),1,2024-06-01T00:00Z,8611537,Trey Research Demo (DO NOT USE),,PartnerCommunityDemo,ACM9000,,,,0.05,,,144867,ACM,,,,1,USD,Standard,1 GB/Month,Cloud Provider,Microsoft,,,TreyNetwork,Microsoft.Storage/storageAccounts,,,Tables - LRS Data Stored - CA East,,True,Storage,7f627a53-5868-48d7-b4e5-7140894deede,LRS Data Stored,Tables,MS-AZR-0017P,,,N9H-01329,CA East,,,
-0.025,/providers/Microsoft.Billing/billingAccounts/8611537,Trey Research Demo (DO NOT USE),Billing Account,USD,2024-07-01T00:00Z,2024-06-01T00:00Z,Usage,,Load Balancer - Standard Included LB Rules and Outbound Rules,Usage-Based,2024-06-19T00:00Z,2024-06-18T00:00Z,,,,,,-1,Hours,-0.025,0.025,-0.025,Microsoft,-0.025,0.025,Standard,-1,Hours,Microsoft,Microsoft,eastus2,East US 2,/subscriptions/64e355d7-997c-491d-b0c1-8414dccfcf42/resourcegroups/zfinops/providers/microsoft.machinelearningservices/workspaces/zfinopswkspace,zfinopswkspace,Azure Machine Learning workspace,AI and Machine Learning,Azure Machine Learning,1071942,1071942,/subscriptions/64e355d7-997c-491d-b0c1-8414dccfcf42,Trey Research R&D Playground,Subscription,"{""CostCenter"": ""1234"",""CostAllocationTest"": ""Sameer"",""AMLResourceType"": ""Provisioner.Batch"",""env"": ""prod"",""org"": ""trey"",""ComputeType"": ""Compute Instance""}",196312,ACM Team,acm@testea.onmicrosoft.com,,0.025,8611537,Trey Research Demo (DO NOT USE),1,2024-06-01T00:00Z,8611537,Trey Research Demo (DO NOT USE),,SameerRuleWithTag,ACM9000,,,,0.025,,,144867,ACM,,,,1,USD,Standard,1 Hour,Cloud Provider,Microsoft,,,zfinops,Microsoft.MachineLearningServices/workspaces,,,Load Balancer - Standard Included LB Rules and Outbound Rules,"{""AccountName"":""bai52238044515004711258a"",""PoolName"":""samutrej1_a7a4be7a-0fb0-4f5b-a185-38adc2db211a"",""ConfigType"":""VirtualMachine"",""NodeType"":""Dedicated"",""PoolAllocationMode"":""BatchService"",""UsageType"":""loadbalancers"",""ClusterType"":""DSI"",""AmlWorkspaceId"":""90c7fd4d-a043-4a63-b232-b06086ef55a8"",""WorkspaceLocation"":""eastus2"",""AMLResourceType"":""Provisioner.Batch"",""SourceEventId"":""f57225f5-f724-800c-7318-ba734b3795ab"",""SourceResourceProvider"":""Batch"",""HostSubscriptionId"":""2b56c433-734a-4e64-8dce-4d9f93075804"",""EmittingService"":""Machine Learning Service - Non DSVM"",""Processor_Version"":""BillingProcessorV2""}",True,Load Balancer,27827eb0-7f60-4928-940b-f5fe15e7a4cb,Standard Included LB Rules and Outbound Rules,Standard,MS-AZR-0148P,,,AAA-21856,,,,
